assignment_id,class_id,title,due_date,points_possible,category,term_id
1,1,Project 1,2025-03-05,75,Project,2
2,1,Project 2,2025-05-01,38,Project,3
3,1,Homework 3,2024-10-12,50,Homework,3
4,1,Quiz 4,2025-01-18,76,Quiz,3
5,1,Homework 5,2025-04-22,94,Homework,3
6,1,Test 6,2024-10-04,24,Test,2
7,1,Participation 7,2024-09-06,95,Participation,2
8,1,Quiz 8,2024-11-20,81,Quiz,2
9,1,Quiz 9,2024-09-13,81,Quiz,3
10,1,Participation 10,2024-08-30,20,Participation,3
11,1,Homework 11,2024-10-18,24,Homework,4
12,1,Test 12,2024-10-05,23,Test,1
13,1,Homework 13,2024-12-29,19,Homework,1
14,1,Participation 14,2025-05-20,57,Participation,2
15,1,Participation 15,2025-06-03,99,Participation,4
16,1,Homework 16,2025-02-11,34,Homework,1
17,1,Test 17,2024-11-21,43,Test,1
18,1,Homework 18,2024-10-31,57,Homework,2
19,2,Test 1,2024-09-29,98,Test,2
20,2,Test 2,2024-11-08,32,Test,4
21,2,Participation 3,2025-06-03,38,Participation,3
22,2,Quiz 4,2025-01-16,91,Quiz,2
23,2,Test 5,2025-03-22,43,Test,3
24,2,Project 6,2024-08-27,89,Project,3
25,2,Project 7,2025-05-20,71,Project,4
26,2,Homework 8,2024-09-15,58,Homework,4
27,2,Test 9,2024-12-04,100,Test,3
28,2,Participation 10,2024-09-11,42,Participation,3
29,2,Project 11,2024-10-08,12,Project,4
30,2,Quiz 12,2024-09-13,100,Quiz,3
31,2,Homework 13,2024-12-22,24,Homework,3
32,2,Homework 14,2024-09-24,73,Homework,2
33,2,Test 15,2024-12-06,54,Test,3
34,2,Homework 16,2024-12-31,23,Homework,4
35,2,Test 17,2025-05-20,62,Test,3
36,2,Homework 18,2025-04-20,33,Homework,3
37,2,Homework 19,2025-01-20,41,Homework,3
38,3,Homework 1,2024-12-08,92,Homework,4
39,3,Project 2,2025-05-24,52,Project,4
40,3,Project 3,2024-10-31,24,Project,4
41,3,Quiz 4,2024-10-18,86,Quiz,2
42,3,Participation 5,2025-04-09,53,Participation,2
43,3,Participation 6,2025-02-20,43,Participation,1
44,3,Test 7,2024-10-11,10,Test,4
45,3,Quiz 8,2024-10-14,65,Quiz,2
46,3,Project 9,2024-12-28,69,Project,2
47,3,Quiz 10,2024-10-22,93,Quiz,1
48,3,Quiz 11,2025-04-09,79,Quiz,2
49,3,Participation 12,2025-02-02,73,Participation,2
50,3,Test 13,2025-04-30,27,Test,4
51,3,Participation 14,2025-02-15,59,Participation,1
52,3,Project 15,2025-05-12,52,Project,3
53,3,Homework 16,2024-10-12,94,Homework,1
54,3,Quiz 17,2025-03-16,28,Quiz,3
55,4,Quiz 1,2025-03-18,36,Quiz,4
56,4,Quiz 2,2024-11-27,67,Quiz,1
57,4,Test 3,2025-04-07,55,Test,3
58,4,Project 4,2025-02-27,54,Project,1
59,4,Participation 5,2025-05-09,29,Participation,4
60,4,Quiz 6,2025-03-04,50,Quiz,2
61,4,Quiz 7,2024-12-12,43,Quiz,3
62,4,Quiz 8,2024-12-29,85,Quiz,1
63,4,Test 9,2025-06-05,41,Test,3
64,4,Participation 10,2025-03-01,27,Participation,4
65,4,Homework 11,2024-11-21,80,Homework,2
66,4,Quiz 12,2024-09-30,37,Quiz,1
67,4,Project 13,2024-12-06,54,Project,3
68,4,Test 14,2024-12-19,85,Test,2
69,4,Participation 15,2025-05-29,33,Participation,4
70,4,Project 16,2024-09-27,77,Project,2
71,4,Participation 17,2025-01-10,78,Participation,1
72,4,Homework 18,2025-03-30,17,Homework,3
73,4,Homework 19,2024-11-28,69,Homework,3
74,4,Participation 20,2025-05-09,36,Participation,3
75,4,Test 21,2025-05-04,66,Test,1
76,4,Participation 22,2024-11-13,28,Participation,4
77,4,Test 23,2025-05-22,54,Test,2
78,5,Participation 1,2024-09-25,62,Participation,1
79,5,Test 2,2024-09-24,32,Test,4
80,5,Test 3,2025-03-06,10,Test,3
81,5,Homework 4,2024-09-18,20,Homework,1
82,5,Project 5,2024-11-16,55,Project,1
83,5,Participation 6,2024-08-31,94,Participation,3
84,5,Quiz 7,2025-05-13,48,Quiz,1
85,5,Quiz 8,2024-11-17,98,Quiz,2
86,5,Participation 9,2025-02-23,70,Participation,4
87,5,Homework 10,2025-01-22,50,Homework,3
88,5,Participation 11,2024-11-06,91,Participation,4
89,5,Participation 12,2025-03-03,19,Participation,1
90,5,Homework 13,2024-10-05,84,Homework,2
91,5,Test 14,2025-01-05,12,Test,2
92,5,Quiz 15,2024-11-15,20,Quiz,1
93,5,Project 16,2025-04-12,11,Project,2
94,5,Test 17,2025-03-18,99,Test,2
95,5,Participation 18,2025-03-13,93,Participation,2
96,5,Test 19,2024-12-25,30,Test,4
97,5,Test 20,2024-12-25,73,Test,4
98,5,Homework 21,2025-05-28,74,Homework,1
99,5,Test 22,2025-02-18,66,Test,4
100,5,Participation 23,2025-05-07,89,Participation,3
101,5,Participation 24,2024-10-24,83,Participation,2
102,5,Participation 25,2025-03-09,42,Participation,1
103,6,Homework 1,2024-10-06,38,Homework,2
104,6,Project 2,2024-10-15,57,Project,4
105,6,Quiz 3,2024-11-18,78,Quiz,3
106,6,Test 4,2025-01-14,58,Test,1
107,6,Homework 5,2025-01-22,11,Homework,3
108,6,Test 6,2025-02-17,57,Test,4
109,6,Test 7,2025-04-23,13,Test,2
110,6,Test 8,2025-03-13,24,Test,3
111,6,Homework 9,2024-11-12,10,Homework,1
112,6,Quiz 10,2025-01-28,20,Quiz,4
113,6,Quiz 11,2024-11-06,76,Quiz,4
114,6,Project 12,2024-09-21,51,Project,3
115,6,Participation 13,2024-12-11,80,Participation,1
116,6,Project 14,2025-02-06,50,Project,1
117,6,Quiz 15,2024-10-28,28,Quiz,3
118,6,Participation 16,2025-05-19,47,Participation,4
119,6,Quiz 17,2024-12-23,45,Quiz,4
120,6,Participation 18,2025-04-07,16,Participation,4
121,6,Homework 19,2025-05-04,12,Homework,1
122,7,Homework 1,2024-10-04,44,Homework,2
123,7,Quiz 2,2024-10-22,18,Quiz,4
124,7,Quiz 3,2025-02-21,96,Quiz,1
125,7,Homework 4,2024-10-06,80,Homework,1
126,7,Test 5,2024-10-07,80,Test,1
127,7,Participation 6,2024-11-27,80,Participation,1
128,7,Quiz 7,2024-09-01,89,Quiz,3
129,7,Participation 8,2025-02-20,76,Participation,1
130,7,Participation 9,2024-11-06,43,Participation,3
131,7,Project 10,2024-12-07,72,Project,2
132,7,Project 11,2024-09-06,60,Project,4
133,7,Project 12,2025-02-26,83,Project,4
134,7,Participation 13,2025-05-10,100,Participation,4
135,7,Test 14,2025-03-20,74,Test,3
136,7,Project 15,2025-02-17,10,Project,4
137,7,Test 16,2025-01-09,65,Test,3
138,8,Quiz 1,2024-12-07,45,Quiz,1
139,8,Project 2,2024-10-10,38,Project,1
140,8,Homework 3,2025-03-27,72,Homework,1
141,8,Homework 4,2024-09-27,71,Homework,1
142,8,Quiz 5,2025-01-10,48,Quiz,2
143,8,Homework 6,2025-02-09,66,Homework,4
144,8,Quiz 7,2024-11-16,72,Quiz,2
145,8,Quiz 8,2024-10-23,37,Quiz,4
146,8,Participation 9,2025-01-27,56,Participation,1
147,8,Project 10,2025-03-09,62,Project,3
148,8,Participation 11,2025-02-09,50,Participation,3
149,8,Quiz 12,2025-03-11,89,Quiz,4
150,8,Project 13,2025-01-02,50,Project,3
151,8,Project 14,2024-09-15,44,Project,2
152,8,Quiz 15,2025-02-13,48,Quiz,1
153,8,Test 16,2024-12-09,47,Test,3
154,8,Test 17,2025-01-16,70,Test,3
155,8,Test 18,2024-10-02,18,Test,3
156,8,Test 19,2024-09-14,55,Test,4
157,8,Quiz 20,2025-05-04,59,Quiz,1
158,8,Project 21,2025-01-21,17,Project,4
159,8,Participation 22,2025-02-06,83,Participation,2
160,9,Test 1,2024-11-09,77,Test,1
161,9,Homework 2,2024-12-18,75,Homework,3
162,9,Homework 3,2024-11-07,80,Homework,4
163,9,Quiz 4,2025-01-29,81,Quiz,1
164,9,Homework 5,2024-11-02,16,Homework,2
165,9,Homework 6,2025-04-13,73,Homework,3
166,9,Quiz 7,2024-12-11,71,Quiz,3
167,9,Participation 8,2025-03-19,24,Participation,1
168,9,Project 9,2025-04-18,80,Project,1
169,9,Participation 10,2025-03-05,77,Participation,3
170,9,Project 11,2025-03-15,48,Project,4
171,9,Project 12,2025-02-10,36,Project,1
172,9,Test 13,2024-10-07,15,Test,3
173,9,Quiz 14,2025-05-17,33,Quiz,2
174,9,Quiz 15,2024-09-14,54,Quiz,3
175,9,Homework 16,2025-05-04,24,Homework,3
176,9,Project 17,2024-11-30,89,Project,4
177,9,Homework 18,2024-10-08,84,Homework,1
178,9,Quiz 19,2024-11-19,86,Quiz,3
179,9,Participation 20,2024-10-09,27,Participation,1
180,9,Homework 21,2024-09-15,52,Homework,1
181,9,Quiz 22,2024-09-08,36,Quiz,3
182,9,Participation 23,2025-04-06,87,Participation,3
183,9,Test 24,2024-12-07,65,Test,3
184,10,Test 1,2024-11-26,34,Test,4
185,10,Participation 2,2024-09-20,50,Participation,3
186,10,Homework 3,2025-03-20,67,Homework,1
187,10,Project 4,2024-10-04,75,Project,1
188,10,Quiz 5,2024-12-10,41,Quiz,2
189,10,Participation 6,2024-11-21,25,Participation,3
190,10,Test 7,2025-04-23,93,Test,4
191,10,Project 8,2025-05-24,61,Project,1
192,10,Quiz 9,2025-05-30,96,Quiz,1
193,10,Quiz 10,2025-01-30,28,Quiz,4
194,10,Participation 11,2025-01-25,72,Participation,2
195,10,Participation 12,2025-01-25,29,Participation,4
196,10,Quiz 13,2024-10-04,24,Quiz,1
197,10,Project 14,2024-11-19,61,Project,2
198,10,Project 15,2025-05-21,68,Project,4
199,10,Project 16,2024-12-08,21,Project,4
200,10,Test 17,2025-03-06,62,Test,3
201,10,Participation 18,2024-11-13,25,Participation,1
202,10,Quiz 19,2024-10-31,16,Quiz,4
203,10,Quiz 20,2024-11-13,62,Quiz,3
204,10,Participation 21,2025-01-08,59,Participation,1
205,10,Test 22,2025-04-30,96,Test,2
206,10,Project 23,2024-12-15,42,Project,1
207,10,Test 24,2025-05-27,25,Test,2
208,11,Project 1,2025-04-14,52,Project,4
209,11,Project 2,2024-12-15,13,Project,2
210,11,Project 3,2024-08-27,32,Project,1
211,11,Quiz 4,2024-10-01,75,Quiz,3
212,11,Test 5,2024-11-05,67,Test,3
213,11,Test 6,2025-03-09,36,Test,3
214,11,Quiz 7,2025-05-25,48,Quiz,1
215,11,Project 8,2025-04-24,57,Project,1
216,11,Homework 9,2025-02-27,36,Homework,2
217,11,Homework 10,2024-12-22,59,Homework,3
218,11,Test 11,2025-05-20,24,Test,3
219,11,Quiz 12,2024-11-26,65,Quiz,2
220,11,Homework 13,2024-10-31,43,Homework,3
221,11,Project 14,2024-12-26,53,Project,4
222,11,Quiz 15,2025-05-17,95,Quiz,1
223,11,Participation 16,2024-09-21,66,Participation,2
224,11,Participation 17,2024-10-29,10,Participation,4
225,11,Participation 18,2024-11-06,24,Participation,1
226,11,Project 19,2025-01-01,29,Project,4
227,11,Project 20,2025-02-18,70,Project,1
228,11,Project 21,2024-10-20,54,Project,3
229,11,Test 22,2024-08-30,80,Test,1
230,11,Quiz 23,2025-05-11,49,Quiz,1
231,12,Homework 1,2025-02-26,30,Homework,4
232,12,Quiz 2,2025-02-08,99,Quiz,1
233,12,Quiz 3,2025-01-02,82,Quiz,3
234,12,Homework 4,2024-09-03,62,Homework,3
235,12,Quiz 5,2024-11-02,37,Quiz,4
236,12,Test 6,2024-12-06,87,Test,2
237,12,Homework 7,2024-09-24,23,Homework,4
238,12,Test 8,2024-10-31,99,Test,1
239,12,Participation 9,2025-05-16,49,Participation,2
240,12,Participation 10,2024-08-29,17,Participation,2
241,12,Participation 11,2025-04-13,78,Participation,1
242,12,Project 12,2025-01-09,84,Project,4
243,12,Test 13,2025-02-26,68,Test,1
244,12,Quiz 14,2025-04-09,85,Quiz,2
245,12,Project 15,2024-08-26,21,Project,1
246,12,Participation 16,2025-03-03,79,Participation,1
247,12,Participation 17,2024-11-30,15,Participation,4
248,13,Participation 1,2025-02-25,71,Participation,1
249,13,Homework 2,2024-10-07,15,Homework,1
250,13,Participation 3,2024-09-12,86,Participation,4
251,13,Test 4,2024-09-01,16,Test,1
252,13,Project 5,2025-04-03,22,Project,2
253,13,Project 6,2025-05-17,22,Project,3
254,13,Quiz 7,2024-12-16,54,Quiz,1
255,13,Homework 8,2024-11-22,66,Homework,4
256,13,Project 9,2025-03-17,29,Project,3
257,13,Project 10,2025-03-09,90,Project,2
258,13,Participation 11,2024-10-29,28,Participation,3
259,13,Homework 12,2024-10-21,19,Homework,2
260,13,Test 13,2024-10-01,57,Test,4
261,13,Homework 14,2024-10-03,32,Homework,3
262,13,Homework 15,2024-12-22,71,Homework,4
263,13,Quiz 16,2025-01-03,44,Quiz,4
264,13,Quiz 17,2025-02-17,55,Quiz,4
265,13,Homework 18,2025-03-04,65,Homework,3
266,13,Project 19,2025-01-09,28,Project,2
267,13,Homework 20,2025-03-25,87,Homework,3
268,13,Homework 21,2024-12-03,53,Homework,4
269,13,Test 22,2025-05-10,36,Test,4
270,13,Homework 23,2025-03-02,94,Homework,2
271,13,Homework 24,2024-12-02,78,Homework,4
272,14,Test 1,2025-01-14,75,Test,3
273,14,Quiz 2,2025-02-20,28,Quiz,3
274,14,Participation 3,2024-08-31,17,Participation,1
275,14,Test 4,2025-01-09,34,Test,3
276,14,Project 5,2024-12-20,24,Project,2
277,14,Test 6,2025-05-28,29,Test,4
278,14,Homework 7,2025-01-02,22,Homework,2
279,14,Homework 8,2025-03-15,65,Homework,3
280,14,Project 9,2025-05-10,17,Project,3
281,14,Homework 10,2025-04-14,42,Homework,3
282,14,Project 11,2025-03-02,53,Project,2
283,14,Project 12,2024-10-08,74,Project,2
284,14,Participation 13,2024-12-08,74,Participation,1
285,14,Quiz 14,2025-05-19,51,Quiz,2
286,14,Project 15,2025-03-15,32,Project,4
287,14,Quiz 16,2025-06-04,32,Quiz,2
288,14,Test 17,2025-05-01,60,Test,2
289,14,Project 18,2024-09-03,71,Project,3
290,14,Participation 19,2024-10-22,18,Participation,4
291,14,Test 20,2025-02-01,54,Test,2
292,14,Participation 21,2024-11-19,89,Participation,1
293,14,Test 22,2025-05-09,88,Test,4
294,14,Test 23,2024-10-20,69,Test,3
295,14,Participation 24,2025-01-11,83,Participation,3
296,14,Quiz 25,2025-03-07,19,Quiz,3
297,15,Test 1,2024-09-07,45,Test,4
298,15,Participation 2,2024-11-28,15,Participation,1
299,15,Quiz 3,2025-04-07,53,Quiz,3
300,15,Participation 4,2025-05-23,46,Participation,3
301,15,Participation 5,2025-02-09,79,Participation,2
302,15,Test 6,2025-01-12,68,Test,2
303,15,Homework 7,2024-11-14,69,Homework,2
304,15,Project 8,2024-09-29,20,Project,4
305,15,Project 9,2024-11-09,23,Project,4
306,15,Project 10,2025-01-19,34,Project,3
307,15,Project 11,2025-05-01,14,Project,2
308,15,Homework 12,2024-10-06,98,Homework,2
309,15,Quiz 13,2024-12-10,16,Quiz,2
310,15,Quiz 14,2025-04-26,99,Quiz,2
311,15,Test 15,2025-05-16,72,Test,1
312,15,Project 16,2025-03-25,68,Project,4
313,15,Homework 17,2025-02-16,64,Homework,3
314,15,Homework 18,2025-03-18,31,Homework,3
315,16,Homework 1,2024-11-01,56,Homework,4
316,16,Test 2,2024-12-07,24,Test,2
317,16,Project 3,2025-05-16,96,Project,1
318,16,Project 4,2025-01-08,41,Project,1
319,16,Homework 5,2025-01-01,85,Homework,2
320,16,Project 6,2025-01-24,51,Project,2
321,16,Test 7,2025-04-11,33,Test,1
322,16,Project 8,2025-02-04,56,Project,4
323,16,Test 9,2024-12-11,33,Test,3
324,16,Project 10,2024-12-24,21,Project,4
325,16,Quiz 11,2024-11-08,94,Quiz,1
326,16,Participation 12,2024-09-10,56,Participation,3
327,16,Quiz 13,2025-04-08,33,Quiz,2
328,16,Test 14,2025-03-15,40,Test,1
329,16,Project 15,2025-05-25,70,Project,4
330,16,Project 16,2025-01-06,15,Project,3
331,16,Test 17,2025-04-20,18,Test,1
332,16,Project 18,2024-10-12,31,Project,4
333,16,Test 19,2025-02-10,20,Test,4
334,16,Project 20,2025-02-18,42,Project,1
335,16,Test 21,2025-04-03,65,Test,4
336,16,Homework 22,2025-01-07,85,Homework,2
337,16,Quiz 23,2024-12-16,30,Quiz,3
338,16,Project 24,2024-10-07,17,Project,1
339,16,Homework 25,2024-08-29,20,Homework,2
340,17,Project 1,2025-03-07,43,Project,4
341,17,Test 2,2025-05-19,39,Test,3
342,17,Homework 3,2024-10-22,78,Homework,1
343,17,Homework 4,2025-02-23,16,Homework,1
344,17,Quiz 5,2025-05-17,27,Quiz,3
345,17,Homework 6,2024-10-23,25,Homework,2
346,17,Participation 7,2025-03-17,60,Participation,2
347,17,Test 8,2024-12-16,83,Test,4
348,17,Project 9,2025-04-25,18,Project,3
349,17,Homework 10,2025-03-30,74,Homework,2
350,17,Participation 11,2025-05-10,72,Participation,2
351,17,Homework 12,2024-10-28,19,Homework,1
352,17,Participation 13,2024-12-21,75,Participation,3
353,17,Homework 14,2025-03-03,45,Homework,2
354,17,Project 15,2024-12-15,76,Project,4
355,17,Test 16,2024-09-20,92,Test,4
356,17,Project 17,2024-12-18,16,Project,2
357,17,Participation 18,2024-09-01,59,Participation,4
358,17,Participation 19,2025-02-18,63,Participation,3
359,18,Participation 1,2024-09-10,10,Participation,1
360,18,Test 2,2024-11-18,43,Test,2
361,18,Quiz 3,2024-12-13,49,Quiz,4
362,18,Test 4,2025-04-13,55,Test,1
363,18,Test 5,2024-10-12,40,Test,2
364,18,Participation 6,2024-09-15,55,Participation,2
365,18,Test 7,2025-03-03,75,Test,2
366,18,Quiz 8,2024-12-22,57,Quiz,4
367,18,Quiz 9,2024-08-27,72,Quiz,4
368,18,Project 10,2025-02-09,53,Project,4
369,18,Quiz 11,2025-01-09,72,Quiz,2
370,18,Project 12,2025-05-09,55,Project,2
371,18,Test 13,2024-08-26,63,Test,4
372,18,Project 14,2024-09-14,94,Project,1
373,18,Quiz 15,2024-12-01,93,Quiz,1
374,18,Quiz 16,2024-10-18,81,Quiz,2
375,18,Participation 17,2025-01-09,99,Participation,2
376,18,Homework 18,2024-12-14,68,Homework,1
377,18,Participation 19,2025-03-08,67,Participation,3
378,18,Homework 20,2025-05-11,52,Homework,2
379,18,Quiz 21,2025-03-31,60,Quiz,2
380,19,Homework 1,2024-10-25,23,Homework,2
381,19,Project 2,2024-09-28,88,Project,2
382,19,Participation 3,2025-05-29,72,Participation,1
383,19,Test 4,2024-12-09,60,Test,3
384,19,Project 5,2024-10-20,73,Project,2
385,19,Quiz 6,2024-11-10,10,Quiz,2
386,19,Homework 7,2025-02-09,69,Homework,3
387,19,Participation 8,2025-04-10,16,Participation,1
388,19,Quiz 9,2024-09-26,85,Quiz,4
389,19,Quiz 10,2024-12-16,27,Quiz,3
390,19,Participation 11,2024-11-18,47,Participation,1
391,19,Test 12,2024-09-07,57,Test,1
392,19,Homework 13,2025-02-25,88,Homework,2
393,19,Participation 14,2025-01-10,33,Participation,2
394,19,Test 15,2024-11-30,96,Test,3
395,20,Homework 1,2025-05-16,94,Homework,2
396,20,Test 2,2025-04-30,32,Test,1
397,20,Participation 3,2025-01-23,29,Participation,1
398,20,Test 4,2025-02-06,81,Test,4
399,20,Test 5,2025-01-28,61,Test,2
400,20,Quiz 6,2024-10-03,26,Quiz,3
401,20,Participation 7,2024-12-05,46,Participation,1
402,20,Test 8,2024-12-21,88,Test,2
403,20,Test 9,2025-04-14,85,Test,1
404,20,Participation 10,2024-12-24,33,Participation,4
405,20,Project 11,2024-11-01,93,Project,4
406,20,Homework 12,2025-04-01,68,Homework,2
407,20,Participation 13,2025-02-11,33,Participation,3
408,20,Project 14,2025-05-16,77,Project,3
409,20,Test 15,2024-12-29,87,Test,1
410,20,Project 16,2025-04-07,61,Project,4
411,20,Homework 17,2024-10-19,31,Homework,3
412,20,Homework 18,2025-05-18,55,Homework,1
413,20,Quiz 19,2024-11-11,42,Quiz,2
414,20,Quiz 20,2024-12-01,11,Quiz,1
415,20,Quiz 21,2024-10-17,19,Quiz,1
416,20,Quiz 22,2025-02-03,82,Quiz,2
417,21,Test 1,2025-03-29,88,Test,4
418,21,Test 2,2024-11-11,11,Test,4
419,21,Participation 3,2024-12-20,11,Participation,1
420,21,Project 4,2024-12-22,25,Project,1
421,21,Test 5,2024-09-28,38,Test,4
422,21,Test 6,2024-12-19,17,Test,1
423,21,Project 7,2025-04-03,71,Project,2
424,21,Quiz 8,2025-04-27,95,Quiz,3
425,21,Project 9,2025-02-21,94,Project,4
426,21,Homework 10,2025-03-25,71,Homework,4
427,21,Quiz 11,2024-11-05,89,Quiz,3
428,21,Quiz 12,2025-01-19,16,Quiz,2
429,21,Quiz 13,2025-02-11,44,Quiz,2
430,21,Participation 14,2024-10-02,43,Participation,2
431,21,Project 15,2024-10-18,46,Project,1
432,21,Homework 16,2025-03-18,84,Homework,4
433,21,Participation 17,2025-02-13,73,Participation,1
434,21,Homework 18,2025-05-22,22,Homework,3
435,21,Homework 19,2024-12-25,69,Homework,2
436,21,Project 20,2025-03-09,30,Project,2
437,21,Project 21,2025-05-19,49,Project,4
438,21,Participation 22,2025-05-29,87,Participation,2
439,21,Participation 23,2025-01-11,40,Participation,1
440,21,Test 24,2025-02-23,26,Test,3
441,22,Test 1,2025-01-10,46,Test,1
442,22,Test 2,2025-02-08,90,Test,3
443,22,Project 3,2025-02-23,34,Project,2
444,22,Test 4,2025-02-05,97,Test,1
445,22,Test 5,2025-02-01,48,Test,1
446,22,Project 6,2025-02-21,25,Project,3
447,22,Participation 7,2024-09-05,71,Participation,3
448,22,Test 8,2025-03-31,49,Test,1
449,22,Test 9,2024-09-05,45,Test,1
450,22,Homework 10,2025-02-05,67,Homework,2
451,22,Quiz 11,2024-09-29,17,Quiz,2
452,22,Quiz 12,2024-10-19,13,Quiz,3
453,22,Participation 13,2025-04-21,31,Participation,2
454,22,Homework 14,2024-12-21,58,Homework,4
455,22,Test 15,2024-11-28,69,Test,1
456,22,Project 16,2025-04-08,80,Project,4
457,22,Project 17,2025-03-12,45,Project,2
458,22,Project 18,2025-01-17,73,Project,2
459,22,Test 19,2024-10-14,18,Test,1
460,22,Participation 20,2025-04-24,74,Participation,2
461,22,Homework 21,2025-03-24,62,Homework,1
462,22,Participation 22,2025-04-02,10,Participation,4
463,22,Quiz 23,2024-12-17,23,Quiz,3
464,22,Project 24,2024-09-15,87,Project,2
465,23,Homework 1,2025-01-25,68,Homework,4
466,23,Quiz 2,2024-10-13,18,Quiz,1
467,23,Quiz 3,2025-01-29,12,Quiz,1
468,23,Project 4,2025-05-13,36,Project,4
469,23,Test 5,2024-08-28,44,Test,1
470,23,Homework 6,2025-02-21,23,Homework,4
471,23,Participation 7,2025-03-15,83,Participation,3
472,23,Participation 8,2025-02-20,51,Participation,2
473,23,Test 9,2024-09-16,77,Test,1
474,23,Project 10,2024-09-27,89,Project,2
475,23,Test 11,2024-09-16,82,Test,1
476,23,Homework 12,2024-12-08,13,Homework,3
477,23,Project 13,2025-05-05,80,Project,1
478,23,Test 14,2024-10-06,56,Test,4
479,23,Test 15,2025-01-02,11,Test,1
480,23,Quiz 16,2025-04-13,78,Quiz,1
481,23,Participation 17,2024-10-02,47,Participation,2
482,23,Participation 18,2024-12-16,67,Participation,3
483,23,Participation 19,2025-04-02,50,Participation,3
484,24,Homework 1,2025-02-28,11,Homework,1
485,24,Homework 2,2025-05-21,60,Homework,4
486,24,Homework 3,2025-01-01,21,Homework,3
487,24,Test 4,2024-09-18,10,Test,2
488,24,Homework 5,2024-10-12,81,Homework,1
489,24,Project 6,2025-04-10,93,Project,3
490,24,Quiz 7,2025-05-14,68,Quiz,1
491,24,Project 8,2025-03-12,29,Project,1
492,24,Participation 9,2025-05-31,66,Participation,3
493,24,Quiz 10,2024-09-15,87,Quiz,2
494,24,Quiz 11,2025-05-25,20,Quiz,1
495,24,Participation 12,2024-11-13,51,Participation,1
496,24,Quiz 13,2025-03-14,94,Quiz,3
497,24,Quiz 14,2024-10-20,73,Quiz,1
498,24,Homework 15,2025-04-01,40,Homework,2
499,24,Participation 16,2025-03-06,48,Participation,4
500,24,Project 17,2024-10-17,94,Project,3
501,24,Test 18,2024-11-20,29,Test,1
502,24,Homework 19,2025-05-15,64,Homework,1
503,24,Participation 20,2025-05-01,58,Participation,4
504,24,Participation 21,2024-10-25,23,Participation,1
505,24,Participation 22,2024-12-20,32,Participation,3
506,25,Participation 1,2025-04-26,10,Participation,1
507,25,Quiz 2,2024-12-24,60,Quiz,4
508,25,Test 3,2025-06-01,74,Test,1
509,25,Quiz 4,2024-08-28,78,Quiz,2
510,25,Test 5,2025-03-02,48,Test,1
511,25,Test 6,2025-04-25,71,Test,1
512,25,Project 7,2025-05-20,26,Project,3
513,25,Quiz 8,2024-11-11,80,Quiz,4
514,25,Test 9,2024-10-09,45,Test,3
515,25,Project 10,2024-09-21,31,Project,3
516,25,Homework 11,2024-08-26,48,Homework,3
517,25,Homework 12,2024-10-24,72,Homework,4
518,25,Project 13,2025-04-17,25,Project,3
519,25,Project 14,2024-10-12,68,Project,3
520,25,Quiz 15,2025-03-15,48,Quiz,4
521,25,Homework 16,2024-10-02,41,Homework,2
522,25,Participation 17,2024-11-30,56,Participation,1
523,25,Participation 18,2024-11-13,15,Participation,1
524,25,Participation 19,2024-10-05,30,Participation,1
525,25,Project 20,2025-02-25,48,Project,4
526,25,Participation 21,2024-09-04,44,Participation,2
527,25,Homework 22,2025-03-10,62,Homework,3
528,25,Participation 23,2025-02-14,19,Participation,2
529,25,Test 24,2025-01-24,36,Test,3
530,25,Quiz 25,2024-09-16,62,Quiz,1
531,26,Quiz 1,2024-10-12,80,Quiz,2
532,26,Quiz 2,2024-12-20,14,Quiz,3
533,26,Homework 3,2025-01-30,95,Homework,1
534,26,Test 4,2025-03-01,11,Test,1
535,26,Test 5,2024-11-05,37,Test,3
536,26,Quiz 6,2024-11-25,99,Quiz,1
537,26,Participation 7,2025-03-26,83,Participation,3
538,26,Test 8,2024-12-05,64,Test,1
539,26,Participation 9,2025-04-20,74,Participation,2
540,26,Homework 10,2025-05-17,56,Homework,3
541,26,Project 11,2025-02-12,95,Project,3
542,26,Participation 12,2025-05-08,19,Participation,3
543,26,Project 13,2025-04-22,68,Project,3
544,26,Participation 14,2024-10-12,97,Participation,4
545,26,Participation 15,2025-02-09,57,Participation,1
546,26,Participation 16,2024-10-21,13,Participation,3
547,26,Project 17,2025-04-30,39,Project,3
548,26,Homework 18,2024-09-03,93,Homework,3
549,26,Project 19,2024-11-05,11,Project,1
550,26,Test 20,2024-10-20,82,Test,4
551,26,Quiz 21,2025-05-08,23,Quiz,4
552,27,Test 1,2024-11-27,67,Test,1
553,27,Test 2,2024-10-31,49,Test,4
554,27,Quiz 3,2025-03-12,15,Quiz,2
555,27,Homework 4,2025-05-24,35,Homework,3
556,27,Test 5,2025-03-26,29,Test,1
557,27,Project 6,2024-11-11,45,Project,4
558,27,Test 7,2025-02-26,94,Test,1
559,27,Quiz 8,2025-02-28,19,Quiz,2
560,27,Project 9,2024-12-16,29,Project,3
561,27,Project 10,2024-12-16,10,Project,4
562,27,Homework 11,2025-05-12,57,Homework,1
563,27,Homework 12,2024-10-03,19,Homework,2
564,27,Test 13,2025-04-11,83,Test,4
565,27,Quiz 14,2025-03-05,43,Quiz,2
566,27,Project 15,2025-01-15,37,Project,3
567,27,Quiz 16,2025-05-12,89,Quiz,2
568,27,Homework 17,2024-12-10,48,Homework,4
569,27,Quiz 18,2025-01-24,61,Quiz,4
570,28,Participation 1,2025-01-22,33,Participation,4
571,28,Homework 2,2025-05-23,83,Homework,1
572,28,Test 3,2024-10-06,17,Test,4
573,28,Homework 4,2025-02-22,93,Homework,2
574,28,Quiz 5,2025-02-03,69,Quiz,2
575,28,Test 6,2025-02-06,37,Test,2
576,28,Quiz 7,2024-10-22,20,Quiz,1
577,28,Test 8,2024-09-05,28,Test,4
578,28,Homework 9,2024-12-14,92,Homework,4
579,28,Project 10,2025-02-19,46,Project,3
580,28,Project 11,2024-10-11,68,Project,4
581,28,Participation 12,2025-04-02,76,Participation,1
582,28,Quiz 13,2025-01-24,36,Quiz,1
583,28,Quiz 14,2024-08-30,27,Quiz,4
584,28,Test 15,2025-04-08,87,Test,3
585,28,Test 16,2024-12-21,45,Test,2
586,28,Project 17,2024-09-08,47,Project,4
587,28,Quiz 18,2025-05-03,26,Quiz,4
588,28,Project 19,2025-05-05,19,Project,4
589,28,Participation 20,2025-05-08,44,Participation,2
590,28,Test 21,2025-04-23,13,Test,3
591,28,Participation 22,2025-02-14,63,Participation,2
592,28,Participation 23,2024-09-11,33,Participation,1
593,28,Participation 24,2025-01-10,82,Participation,1
594,29,Test 1,2024-10-19,80,Test,2
595,29,Quiz 2,2025-02-23,29,Quiz,2
596,29,Homework 3,2025-06-02,88,Homework,2
597,29,Homework 4,2025-02-20,43,Homework,3
598,29,Homework 5,2024-12-11,30,Homework,2
599,29,Homework 6,2024-08-29,12,Homework,4
600,29,Quiz 7,2024-10-26,65,Quiz,2
601,29,Homework 8,2025-01-11,70,Homework,2
602,29,Project 9,2025-03-08,51,Project,2
603,29,Project 10,2025-03-09,87,Project,4
604,29,Test 11,2024-11-15,93,Test,2
605,29,Project 12,2025-01-08,47,Project,4
606,29,Project 13,2025-05-27,85,Project,2
607,29,Quiz 14,2025-03-17,82,Quiz,1
608,29,Participation 15,2025-01-24,88,Participation,3
609,29,Test 16,2025-03-13,33,Test,4
610,29,Quiz 17,2024-09-19,52,Quiz,4
611,29,Homework 18,2024-11-01,31,Homework,3
612,29,Test 19,2025-05-07,89,Test,2
613,29,Quiz 20,2024-10-23,100,Quiz,1
614,29,Project 21,2025-01-09,18,Project,1
615,29,Quiz 22,2025-05-07,11,Quiz,2
616,29,Project 23,2025-06-01,22,Project,1
617,30,Participation 1,2025-04-01,62,Participation,4
618,30,Test 2,2025-01-04,95,Test,1
619,30,Project 3,2025-02-20,59,Project,1
620,30,Homework 4,2025-05-30,28,Homework,3
621,30,Quiz 5,2024-10-19,46,Quiz,1
622,30,Project 6,2024-12-12,50,Project,4
623,30,Homework 7,2025-05-08,95,Homework,3
624,30,Quiz 8,2024-12-21,17,Quiz,4
625,30,Quiz 9,2025-01-25,15,Quiz,4
626,30,Homework 10,2024-09-21,81,Homework,3
627,30,Project 11,2025-05-03,22,Project,1
628,30,Quiz 12,2025-03-01,57,Quiz,3
629,30,Quiz 13,2025-01-19,50,Quiz,2
630,30,Quiz 14,2025-02-25,12,Quiz,3
631,30,Homework 15,2025-04-18,33,Homework,3
632,30,Project 16,2025-05-08,70,Project,4
633,30,Quiz 17,2024-11-04,53,Quiz,3
634,30,Quiz 18,2025-04-06,95,Quiz,4
635,30,Homework 19,2025-05-28,38,Homework,1
636,30,Homework 20,2025-03-10,23,Homework,4
637,31,Project 1,2025-05-08,40,Project,3
638,31,Participation 2,2025-03-18,38,Participation,3
639,31,Homework 3,2024-12-04,46,Homework,4
640,31,Participation 4,2024-10-15,55,Participation,2
641,31,Quiz 5,2025-05-23,63,Quiz,2
642,31,Homework 6,2024-12-29,60,Homework,4
643,31,Test 7,2025-04-11,91,Test,1
644,31,Test 8,2025-04-08,52,Test,4
645,31,Homework 9,2025-01-08,95,Homework,4
646,31,Quiz 10,2025-04-09,47,Quiz,4
647,31,Test 11,2025-04-22,40,Test,2
648,31,Project 12,2025-01-29,75,Project,2
649,31,Participation 13,2024-09-21,89,Participation,4
650,31,Test 14,2024-09-12,86,Test,1
651,31,Project 15,2024-09-06,29,Project,4
652,31,Project 16,2024-10-26,46,Project,1
653,31,Participation 17,2024-11-23,63,Participation,2
654,31,Quiz 18,2024-10-02,69,Quiz,3
655,31,Quiz 19,2025-05-11,18,Quiz,4
656,32,Project 1,2024-10-06,74,Project,3
657,32,Homework 2,2025-03-07,94,Homework,3
658,32,Test 3,2025-05-16,12,Test,4
659,32,Quiz 4,2025-02-27,38,Quiz,4
660,32,Project 5,2024-12-29,14,Project,2
661,32,Test 6,2024-11-23,41,Test,4
662,32,Homework 7,2024-11-25,82,Homework,2
663,32,Homework 8,2024-10-05,80,Homework,3
664,32,Homework 9,2024-11-01,71,Homework,1
665,32,Participation 10,2025-06-04,53,Participation,2
666,32,Homework 11,2025-01-22,31,Homework,4
667,32,Quiz 12,2025-02-05,62,Quiz,4
668,32,Test 13,2024-09-19,97,Test,4
669,32,Test 14,2024-09-19,24,Test,1
670,32,Participation 15,2025-04-20,61,Participation,4
671,32,Participation 16,2024-12-01,53,Participation,2
672,32,Participation 17,2024-10-09,90,Participation,1
673,32,Homework 18,2024-09-09,51,Homework,3
674,32,Quiz 19,2024-09-23,57,Quiz,3
675,32,Participation 20,2025-02-13,47,Participation,1
676,32,Participation 21,2025-01-18,13,Participation,4
677,32,Project 22,2025-04-18,61,Project,2
678,33,Homework 1,2025-04-28,71,Homework,3
679,33,Participation 2,2024-09-06,25,Participation,2
680,33,Project 3,2024-11-01,61,Project,3
681,33,Homework 4,2024-12-28,39,Homework,2
682,33,Participation 5,2024-10-06,56,Participation,2
683,33,Project 6,2025-05-24,32,Project,3
684,33,Homework 7,2025-02-16,30,Homework,4
685,33,Project 8,2025-01-19,81,Project,1
686,33,Test 9,2024-10-16,86,Test,1
687,33,Test 10,2025-04-30,51,Test,4
688,33,Quiz 11,2025-04-05,68,Quiz,3
689,33,Project 12,2025-03-30,53,Project,3
690,33,Participation 13,2024-11-11,38,Participation,1
691,33,Homework 14,2024-11-10,87,Homework,1
692,33,Quiz 15,2024-12-02,88,Quiz,1
693,33,Project 16,2025-03-04,71,Project,3
694,33,Test 17,2025-02-11,30,Test,3
695,33,Participation 18,2025-05-16,24,Participation,2
696,33,Participation 19,2024-12-15,68,Participation,4
697,33,Test 20,2024-11-21,75,Test,3
698,33,Participation 21,2024-11-12,68,Participation,4
699,33,Participation 22,2024-10-27,12,Participation,4
700,33,Project 23,2025-02-10,42,Project,1
701,34,Test 1,2025-03-19,12,Test,3
702,34,Participation 2,2024-11-08,90,Participation,2
703,34,Quiz 3,2024-09-28,45,Quiz,4
704,34,Project 4,2025-04-09,59,Project,1
705,34,Quiz 5,2024-09-04,93,Quiz,3
706,34,Quiz 6,2025-04-27,82,Quiz,3
707,34,Homework 7,2025-05-12,81,Homework,4
708,34,Participation 8,2024-10-02,35,Participation,4
709,34,Test 9,2024-11-13,66,Test,2
710,34,Homework 10,2024-09-07,76,Homework,2
711,34,Test 11,2024-10-19,22,Test,1
712,34,Project 12,2024-08-28,96,Project,4
713,34,Homework 13,2025-01-12,92,Homework,3
714,34,Test 14,2025-01-31,44,Test,1
715,34,Participation 15,2025-04-03,97,Participation,1
716,34,Quiz 16,2025-03-26,43,Quiz,2
717,34,Project 17,2024-09-22,31,Project,2
718,34,Homework 18,2025-01-05,33,Homework,2
719,34,Participation 19,2024-11-05,75,Participation,2
720,34,Project 20,2025-05-18,74,Project,2
721,34,Test 21,2025-06-05,81,Test,1
722,34,Project 22,2025-06-04,50,Project,2
723,34,Test 23,2025-05-02,95,Test,4
724,34,Homework 24,2025-03-19,82,Homework,2
725,34,Participation 25,2025-03-06,78,Participation,1
726,35,Test 1,2024-11-07,31,Test,4
727,35,Test 2,2024-11-14,29,Test,2
728,35,Test 3,2025-04-04,28,Test,4
729,35,Project 4,2025-02-25,78,Project,4
730,35,Test 5,2025-03-08,11,Test,2
731,35,Participation 6,2025-01-09,58,Participation,4
732,35,Participation 7,2025-01-11,67,Participation,3
733,35,Quiz 8,2025-04-23,46,Quiz,4
734,35,Homework 9,2025-03-30,19,Homework,1
735,35,Project 10,2024-10-18,11,Project,4
736,35,Project 11,2024-09-21,35,Project,4
737,35,Homework 12,2025-02-12,48,Homework,2
738,35,Project 13,2025-02-08,81,Project,4
739,35,Project 14,2025-04-25,85,Project,4
740,35,Participation 15,2025-01-19,63,Participation,4
741,35,Participation 16,2024-09-22,90,Participation,1
742,35,Participation 17,2025-04-04,41,Participation,3
743,35,Participation 18,2024-09-25,70,Participation,4
744,36,Participation 1,2024-10-14,90,Participation,2
745,36,Participation 2,2025-03-14,94,Participation,1
746,36,Homework 3,2024-12-19,45,Homework,3
747,36,Test 4,2024-10-04,65,Test,4
748,36,Quiz 5,2024-10-10,81,Quiz,1
749,36,Homework 6,2025-03-07,89,Homework,3
750,36,Homework 7,2024-11-23,99,Homework,2
751,36,Project 8,2024-09-14,27,Project,3
752,36,Test 9,2025-04-16,87,Test,2
753,36,Test 10,2025-03-23,88,Test,3
754,36,Homework 11,2025-01-01,79,Homework,2
755,36,Quiz 12,2024-09-03,36,Quiz,2
756,36,Quiz 13,2024-11-21,41,Quiz,1
757,36,Quiz 14,2024-12-16,44,Quiz,4
758,36,Homework 15,2024-12-01,70,Homework,4
759,36,Participation 16,2025-01-24,82,Participation,1
760,36,Quiz 17,2025-05-26,78,Quiz,3
761,36,Project 18,2025-01-11,51,Project,1
762,36,Project 19,2024-09-21,58,Project,3
763,36,Project 20,2024-10-26,25,Project,2
764,37,Test 1,2024-12-15,49,Test,2
765,37,Quiz 2,2024-09-24,66,Quiz,2
766,37,Quiz 3,2025-03-21,11,Quiz,1
767,37,Participation 4,2025-04-06,98,Participation,4
768,37,Quiz 5,2024-11-27,65,Quiz,4
769,37,Quiz 6,2025-03-15,78,Quiz,3
770,37,Test 7,2025-04-20,96,Test,1
771,37,Project 8,2025-03-08,36,Project,2
772,37,Quiz 9,2024-12-25,63,Quiz,4
773,37,Project 10,2025-01-28,78,Project,2
774,37,Participation 11,2025-04-23,64,Participation,1
775,37,Homework 12,2024-09-16,92,Homework,1
776,37,Test 13,2025-03-26,32,Test,1
777,37,Test 14,2025-05-23,70,Test,1
778,37,Project 15,2024-10-08,85,Project,2
779,37,Participation 16,2025-04-09,76,Participation,4
780,37,Project 17,2025-02-24,71,Project,2
781,37,Homework 18,2024-12-06,90,Homework,4
782,37,Participation 19,2025-05-06,47,Participation,2
783,37,Test 20,2024-09-06,17,Test,1
784,37,Homework 21,2024-09-07,73,Homework,4
785,38,Homework 1,2025-01-04,58,Homework,3
786,38,Homework 2,2025-02-05,98,Homework,3
787,38,Test 3,2024-12-05,55,Test,1
788,38,Test 4,2024-11-11,48,Test,4
789,38,Quiz 5,2025-01-02,40,Quiz,2
790,38,Homework 6,2024-09-18,57,Homework,2
791,38,Project 7,2024-10-19,80,Project,1
792,38,Homework 8,2024-11-13,36,Homework,2
793,38,Homework 9,2025-03-26,28,Homework,1
794,38,Quiz 10,2025-01-01,46,Quiz,3
795,38,Homework 11,2025-05-10,64,Homework,1
796,38,Test 12,2024-09-19,54,Test,4
797,38,Project 13,2024-11-25,50,Project,4
798,38,Homework 14,2025-03-05,19,Homework,1
799,38,Homework 15,2024-09-23,88,Homework,3
800,38,Test 16,2025-04-01,19,Test,4
801,38,Quiz 17,2025-04-19,45,Quiz,4
802,38,Quiz 18,2025-05-26,13,Quiz,3
803,38,Participation 19,2024-09-08,49,Participation,2
804,38,Homework 20,2025-01-07,42,Homework,4
805,39,Test 1,2024-09-22,19,Test,1
806,39,Test 2,2025-02-03,90,Test,1
807,39,Homework 3,2025-04-15,23,Homework,4
808,39,Test 4,2025-04-20,39,Test,2
809,39,Participation 5,2024-09-26,94,Participation,1
810,39,Project 6,2025-03-28,62,Project,4
811,39,Homework 7,2025-02-27,73,Homework,1
812,39,Project 8,2024-10-15,19,Project,3
813,39,Project 9,2024-12-09,96,Project,3
814,39,Project 10,2025-06-02,28,Project,4
815,39,Quiz 11,2024-09-11,31,Quiz,3
816,39,Test 12,2024-10-05,82,Test,1
817,39,Quiz 13,2024-09-08,63,Quiz,2
818,39,Project 14,2025-03-06,13,Project,4
819,39,Participation 15,2025-03-11,41,Participation,1
820,39,Test 16,2024-11-21,22,Test,2
821,39,Participation 17,2025-05-05,35,Participation,3
822,39,Participation 18,2025-01-09,76,Participation,4
823,39,Test 19,2025-02-09,65,Test,3
824,39,Participation 20,2025-02-27,64,Participation,3
825,39,Homework 21,2024-12-21,91,Homework,2
826,39,Participation 22,2024-11-22,75,Participation,4
827,39,Quiz 23,2024-09-03,80,Quiz,2
828,39,Participation 24,2024-09-16,77,Participation,4
829,40,Participation 1,2024-09-05,26,Participation,3
830,40,Quiz 2,2024-11-10,47,Quiz,1
831,40,Quiz 3,2025-03-21,62,Quiz,3
832,40,Project 4,2025-04-19,65,Project,4
833,40,Homework 5,2025-01-20,38,Homework,4
834,40,Participation 6,2025-05-17,92,Participation,3
835,40,Quiz 7,2025-05-18,65,Quiz,3
836,40,Homework 8,2024-09-02,40,Homework,4
837,40,Homework 9,2025-03-28,66,Homework,1
838,40,Participation 10,2025-03-01,38,Participation,1
839,40,Test 11,2024-09-15,53,Test,3
840,40,Test 12,2025-01-23,89,Test,4
841,40,Homework 13,2025-01-19,55,Homework,1
842,40,Test 14,2025-05-23,78,Test,3
843,40,Homework 15,2024-10-13,46,Homework,4
844,40,Test 16,2025-02-08,12,Test,4
845,40,Test 17,2025-05-25,81,Test,1
846,40,Quiz 18,2025-02-07,81,Quiz,4
847,41,Project 1,2025-03-27,78,Project,1
848,41,Participation 2,2024-10-18,39,Participation,4
849,41,Test 3,2024-10-09,19,Test,1
850,41,Homework 4,2025-02-12,65,Homework,1
851,41,Quiz 5,2024-10-10,39,Quiz,1
852,41,Project 6,2025-04-22,84,Project,1
853,41,Project 7,2025-01-15,43,Project,1
854,41,Test 8,2025-01-09,53,Test,3
855,41,Homework 9,2024-11-09,81,Homework,2
856,41,Homework 10,2025-01-06,76,Homework,3
857,41,Quiz 11,2025-02-11,82,Quiz,4
858,41,Test 12,2024-09-17,51,Test,4
859,41,Project 13,2024-11-26,62,Project,1
860,41,Test 14,2024-11-24,83,Test,3
861,41,Test 15,2024-09-30,87,Test,1
862,41,Homework 16,2025-04-11,50,Homework,4
863,41,Participation 17,2024-08-29,47,Participation,3
864,41,Project 18,2024-11-22,10,Project,3
865,42,Participation 1,2025-02-02,27,Participation,4
866,42,Test 2,2025-03-22,87,Test,1
867,42,Quiz 3,2025-04-03,86,Quiz,3
868,42,Test 4,2024-09-12,51,Test,4
869,42,Participation 5,2024-08-31,69,Participation,1
870,42,Participation 6,2025-06-01,43,Participation,3
871,42,Project 7,2024-12-01,89,Project,2
872,42,Participation 8,2024-09-17,29,Participation,4
873,42,Participation 9,2024-09-24,26,Participation,2
874,42,Participation 10,2024-09-17,40,Participation,2
875,42,Project 11,2024-10-14,50,Project,2
876,42,Quiz 12,2025-02-12,23,Quiz,2
877,42,Quiz 13,2024-11-04,50,Quiz,3
878,42,Homework 14,2024-12-13,70,Homework,1
879,42,Participation 15,2024-09-11,56,Participation,2
880,42,Participation 16,2024-12-25,47,Participation,4
881,42,Test 17,2025-01-08,36,Test,3
882,42,Quiz 18,2025-04-16,52,Quiz,1
883,42,Homework 19,2025-05-07,19,Homework,4
884,42,Test 20,2024-11-28,24,Test,3
885,43,Quiz 1,2024-12-17,11,Quiz,3
886,43,Test 2,2024-10-15,21,Test,1
887,43,Homework 3,2025-04-18,47,Homework,1
888,43,Quiz 4,2025-01-27,82,Quiz,1
889,43,Test 5,2025-02-27,100,Test,4
890,43,Project 6,2025-05-08,27,Project,3
891,43,Participation 7,2024-10-12,82,Participation,3
892,43,Participation 8,2025-05-07,88,Participation,4
893,43,Participation 9,2024-09-24,84,Participation,1
894,43,Homework 10,2024-09-24,91,Homework,3
895,43,Quiz 11,2024-12-01,36,Quiz,2
896,43,Quiz 12,2025-03-25,21,Quiz,2
897,43,Homework 13,2024-11-13,95,Homework,3
898,43,Test 14,2025-03-06,85,Test,4
899,43,Homework 15,2025-05-26,98,Homework,1
900,43,Test 16,2025-01-11,70,Test,1
901,43,Participation 17,2024-11-19,23,Participation,4
902,43,Homework 18,2025-02-14,69,Homework,4
903,43,Quiz 19,2025-05-29,35,Quiz,4
904,43,Test 20,2024-12-21,38,Test,3
905,43,Project 21,2025-01-15,86,Project,3
906,43,Quiz 22,2025-03-28,47,Quiz,3
907,43,Quiz 23,2024-12-17,47,Quiz,1
908,44,Homework 1,2025-05-06,47,Homework,3
909,44,Homework 2,2024-11-28,39,Homework,2
910,44,Quiz 3,2025-03-18,71,Quiz,1
911,44,Quiz 4,2024-12-07,67,Quiz,1
912,44,Test 5,2024-12-27,32,Test,3
913,44,Quiz 6,2025-05-23,73,Quiz,1
914,44,Homework 7,2025-03-24,23,Homework,3
915,44,Participation 8,2025-03-09,14,Participation,1
916,44,Homework 9,2024-10-05,34,Homework,4
917,44,Homework 10,2024-09-15,18,Homework,3
918,44,Quiz 11,2025-01-07,36,Quiz,4
919,44,Test 12,2025-02-01,62,Test,1
920,44,Quiz 13,2025-05-26,72,Quiz,3
921,44,Homework 14,2025-04-24,64,Homework,4
922,44,Project 15,2025-03-02,31,Project,1
923,44,Quiz 16,2024-12-12,81,Quiz,4
924,44,Homework 17,2024-09-25,46,Homework,4
925,44,Project 18,2024-11-13,47,Project,3
926,44,Participation 19,2024-10-18,66,Participation,1
927,44,Homework 20,2025-03-16,10,Homework,2
928,44,Homework 21,2024-11-23,78,Homework,1
929,44,Participation 22,2024-12-22,97,Participation,1
930,44,Participation 23,2025-03-28,84,Participation,1
931,45,Quiz 1,2024-11-15,28,Quiz,2
932,45,Homework 2,2024-10-12,88,Homework,2
933,45,Homework 3,2025-01-17,33,Homework,4
934,45,Homework 4,2025-06-03,36,Homework,3
935,45,Homework 5,2024-10-20,65,Homework,2
936,45,Homework 6,2024-09-08,50,Homework,3
937,45,Participation 7,2024-11-25,64,Participation,3
938,45,Participation 8,2025-05-24,49,Participation,1
939,45,Homework 9,2025-02-12,39,Homework,3
940,45,Participation 10,2025-05-05,49,Participation,4
941,45,Test 11,2025-02-18,65,Test,3
942,45,Participation 12,2024-10-09,32,Participation,3
943,45,Project 13,2024-09-03,13,Project,3
944,45,Homework 14,2025-03-07,20,Homework,1
945,45,Participation 15,2024-09-08,29,Participation,4
946,45,Participation 16,2024-12-08,60,Participation,3
947,45,Quiz 17,2024-12-11,75,Quiz,3
948,45,Project 18,2025-04-11,63,Project,3
949,45,Test 19,2025-01-22,38,Test,4
950,45,Quiz 20,2024-12-20,89,Quiz,1
951,45,Participation 21,2024-09-27,10,Participation,2
952,45,Test 22,2024-09-18,71,Test,2
953,45,Participation 23,2024-12-12,17,Participation,1
954,45,Test 24,2025-04-19,66,Test,2
955,46,Homework 1,2025-01-22,60,Homework,1
956,46,Homework 2,2025-03-06,20,Homework,1
957,46,Project 3,2024-09-02,59,Project,4
958,46,Participation 4,2025-01-21,23,Participation,3
959,46,Project 5,2025-01-22,43,Project,2
960,46,Test 6,2025-02-14,28,Test,1
961,46,Project 7,2024-09-12,38,Project,4
962,46,Homework 8,2024-11-21,81,Homework,1
963,46,Quiz 9,2024-11-13,45,Quiz,2
964,46,Quiz 10,2025-01-20,51,Quiz,4
965,46,Homework 11,2024-11-05,90,Homework,4
966,46,Project 12,2025-05-09,96,Project,1
967,46,Project 13,2025-02-09,91,Project,4
968,46,Project 14,2025-03-20,17,Project,1
969,46,Test 15,2024-09-15,99,Test,2
970,46,Project 16,2025-05-09,53,Project,3
971,46,Participation 17,2024-12-22,69,Participation,4
972,46,Participation 18,2024-09-07,95,Participation,1
973,46,Quiz 19,2025-03-24,65,Quiz,2
974,46,Test 20,2025-01-08,37,Test,1
975,46,Project 21,2024-09-05,88,Project,1
976,46,Project 22,2025-04-19,58,Project,3
977,46,Homework 23,2025-01-03,68,Homework,3
978,46,Test 24,2024-12-05,56,Test,3
979,47,Project 1,2025-04-12,43,Project,1
980,47,Quiz 2,2024-11-18,45,Quiz,1
981,47,Participation 3,2024-09-05,64,Participation,3
982,47,Homework 4,2025-01-05,20,Homework,2
983,47,Homework 5,2025-06-03,43,Homework,3
984,47,Test 6,2025-04-24,48,Test,3
985,47,Quiz 7,2025-02-10,71,Quiz,4
986,47,Participation 8,2025-02-08,95,Participation,3
987,47,Quiz 9,2025-06-05,72,Quiz,4
988,47,Test 10,2024-09-17,85,Test,2
989,47,Project 11,2024-10-07,85,Project,1
990,47,Project 12,2025-03-28,84,Project,3
991,47,Homework 13,2025-01-23,29,Homework,3
992,47,Project 14,2025-06-02,36,Project,1
993,47,Quiz 15,2025-05-16,56,Quiz,4
994,47,Test 16,2024-12-15,28,Test,3
995,47,Participation 17,2025-03-21,63,Participation,1
996,47,Project 18,2025-02-22,50,Project,1
997,47,Quiz 19,2025-02-06,92,Quiz,3
998,47,Quiz 20,2025-04-05,53,Quiz,1
999,47,Participation 21,2025-06-01,81,Participation,2
1000,48,Project 1,2025-04-03,100,Project,1
1001,48,Homework 2,2025-03-15,32,Homework,3
1002,48,Project 3,2024-12-05,53,Project,1
1003,48,Test 4,2024-10-28,76,Test,3
1004,48,Project 5,2025-01-21,78,Project,2
1005,48,Participation 6,2025-02-23,73,Participation,1
1006,48,Project 7,2024-11-26,86,Project,1
1007,48,Participation 8,2024-10-16,32,Participation,2
1008,48,Homework 9,2024-08-31,88,Homework,4
1009,48,Project 10,2024-12-13,49,Project,2
1010,48,Participation 11,2025-05-18,14,Participation,4
1011,48,Participation 12,2024-12-10,53,Participation,2
1012,48,Participation 13,2024-09-28,19,Participation,4
1013,48,Participation 14,2024-12-01,58,Participation,2
1014,48,Project 15,2025-03-24,84,Project,3
1015,48,Project 16,2024-12-18,93,Project,2
1016,48,Participation 17,2025-01-04,92,Participation,4
1017,48,Participation 18,2025-04-04,35,Participation,3
1018,48,Participation 19,2025-01-26,25,Participation,3
1019,48,Project 20,2024-09-09,59,Project,2
1020,48,Test 21,2025-04-22,96,Test,2
1021,49,Project 1,2024-12-10,47,Project,2
1022,49,Project 2,2025-01-13,88,Project,3
1023,49,Project 3,2024-12-08,39,Project,4
1024,49,Project 4,2025-05-09,95,Project,2
1025,49,Quiz 5,2024-12-01,61,Quiz,4
1026,49,Project 6,2025-05-06,91,Project,3
1027,49,Homework 7,2025-04-19,44,Homework,3
1028,49,Project 8,2024-08-30,84,Project,3
1029,49,Test 9,2024-10-13,87,Test,3
1030,49,Test 10,2024-12-23,86,Test,2
1031,49,Test 11,2025-04-03,99,Test,1
1032,49,Quiz 12,2025-05-09,17,Quiz,4
1033,49,Participation 13,2024-12-28,63,Participation,2
1034,49,Quiz 14,2024-12-06,55,Quiz,2
1035,49,Participation 15,2024-11-03,46,Participation,4
1036,49,Quiz 16,2025-02-14,95,Quiz,3
1037,49,Project 17,2025-02-21,44,Project,3
1038,49,Homework 18,2024-09-01,59,Homework,4
1039,49,Homework 19,2025-02-12,44,Homework,2
1040,50,Quiz 1,2024-08-29,86,Quiz,3
1041,50,Project 2,2025-02-23,68,Project,1
1042,50,Project 3,2024-09-09,87,Project,4
1043,50,Test 4,2025-01-12,16,Test,1
1044,50,Test 5,2025-02-28,52,Test,4
1045,50,Test 6,2025-04-30,21,Test,3
1046,50,Homework 7,2025-03-30,44,Homework,4
1047,50,Quiz 8,2024-11-18,43,Quiz,2
1048,50,Test 9,2025-01-31,97,Test,2
1049,50,Test 10,2024-09-17,37,Test,1
1050,50,Project 11,2025-04-08,90,Project,2
1051,50,Project 12,2024-09-25,64,Project,1
1052,50,Homework 13,2024-12-11,31,Homework,3
1053,50,Participation 14,2025-04-20,68,Participation,3
1054,50,Quiz 15,2025-03-28,57,Quiz,1
1055,50,Quiz 16,2024-12-25,70,Quiz,3
1056,50,Test 17,2024-09-19,81,Test,3
1057,50,Quiz 18,2025-02-13,91,Quiz,1
1058,51,Quiz 1,2024-11-03,38,Quiz,1
1059,51,Participation 2,2024-12-04,22,Participation,4
1060,51,Participation 3,2024-12-11,81,Participation,3
1061,51,Project 4,2024-12-04,18,Project,1
1062,51,Quiz 5,2025-03-06,54,Quiz,3
1063,51,Homework 6,2024-10-14,76,Homework,3
1064,51,Participation 7,2024-11-22,75,Participation,3
1065,51,Test 8,2025-04-27,99,Test,3
1066,51,Test 9,2024-11-01,12,Test,4
1067,51,Test 10,2024-10-22,42,Test,3
1068,51,Homework 11,2025-04-22,15,Homework,1
1069,51,Participation 12,2025-05-07,42,Participation,3
1070,51,Participation 13,2024-09-14,58,Participation,4
1071,51,Participation 14,2024-11-24,71,Participation,2
1072,51,Project 15,2024-10-09,89,Project,3
1073,51,Quiz 16,2025-05-07,94,Quiz,3
1074,51,Test 17,2024-09-09,85,Test,4
1075,51,Test 18,2024-11-05,28,Test,1
1076,52,Test 1,2025-05-18,12,Test,1
1077,52,Homework 2,2025-03-10,46,Homework,2
1078,52,Participation 3,2025-02-12,74,Participation,4
1079,52,Homework 4,2025-04-08,47,Homework,4
1080,52,Quiz 5,2024-12-27,78,Quiz,3
1081,52,Homework 6,2024-09-11,80,Homework,4
1082,52,Project 7,2025-03-28,21,Project,2
1083,52,Test 8,2025-05-31,50,Test,3
1084,52,Project 9,2024-11-22,19,Project,4
1085,52,Quiz 10,2024-09-18,71,Quiz,4
1086,52,Project 11,2025-05-30,99,Project,1
1087,52,Participation 12,2024-12-04,63,Participation,4
1088,52,Project 13,2024-12-03,54,Project,4
1089,52,Participation 14,2024-09-01,74,Participation,2
1090,52,Participation 15,2025-05-16,15,Participation,3
1091,52,Test 16,2025-01-10,18,Test,2
1092,52,Test 17,2025-03-23,71,Test,4
1093,52,Participation 18,2025-05-31,69,Participation,3
1094,52,Homework 19,2024-09-12,37,Homework,3
1095,52,Project 20,2025-04-16,45,Project,4
1096,52,Quiz 21,2024-11-25,76,Quiz,4
1097,52,Quiz 22,2025-01-08,19,Quiz,2
1098,53,Homework 1,2024-10-07,90,Homework,1
1099,53,Test 2,2024-09-25,73,Test,1
1100,53,Homework 3,2025-03-10,59,Homework,2
1101,53,Test 4,2025-02-14,10,Test,2
1102,53,Test 5,2024-10-08,33,Test,1
1103,53,Participation 6,2025-03-12,100,Participation,2
1104,53,Test 7,2024-09-25,12,Test,1
1105,53,Participation 8,2024-11-26,51,Participation,2
1106,53,Homework 9,2024-11-13,93,Homework,2
1107,53,Test 10,2024-12-30,100,Test,1
1108,53,Quiz 11,2025-04-04,50,Quiz,1
1109,53,Homework 12,2025-01-17,12,Homework,2
1110,53,Quiz 13,2025-05-17,68,Quiz,1
1111,53,Project 14,2025-02-03,20,Project,4
1112,53,Quiz 15,2024-09-22,47,Quiz,1
1113,53,Test 16,2025-05-02,63,Test,3
1114,53,Quiz 17,2025-02-07,74,Quiz,4
1115,53,Project 18,2024-12-13,13,Project,3
1116,53,Participation 19,2024-10-20,47,Participation,1
1117,53,Homework 20,2024-09-04,85,Homework,2
1118,53,Project 21,2024-12-30,82,Project,4
1119,54,Homework 1,2025-04-18,75,Homework,1
1120,54,Quiz 2,2025-01-12,11,Quiz,4
1121,54,Quiz 3,2025-01-03,83,Quiz,2
1122,54,Participation 4,2025-01-31,59,Participation,4
1123,54,Quiz 5,2025-05-06,37,Quiz,2
1124,54,Homework 6,2025-01-18,24,Homework,1
1125,54,Participation 7,2025-02-24,42,Participation,4
1126,54,Test 8,2024-12-18,51,Test,3
1127,54,Test 9,2025-04-24,99,Test,1
1128,54,Test 10,2024-09-07,92,Test,2
1129,54,Homework 11,2024-10-27,49,Homework,3
1130,54,Quiz 12,2025-01-16,28,Quiz,2
1131,54,Project 13,2024-09-12,82,Project,1
1132,54,Project 14,2024-12-16,94,Project,4
1133,54,Homework 15,2024-10-23,22,Homework,3
1134,54,Homework 16,2025-04-12,39,Homework,2
1135,54,Participation 17,2024-09-04,89,Participation,3
1136,54,Quiz 18,2024-10-06,33,Quiz,3
1137,54,Project 19,2025-04-19,64,Project,2
1138,55,Project 1,2024-11-16,66,Project,3
1139,55,Participation 2,2024-12-25,52,Participation,4
1140,55,Participation 3,2025-03-12,81,Participation,4
1141,55,Quiz 4,2025-05-30,94,Quiz,2
1142,55,Test 5,2025-03-11,68,Test,2
1143,55,Project 6,2025-04-08,36,Project,1
1144,55,Quiz 7,2025-05-29,10,Quiz,1
1145,55,Homework 8,2025-01-06,88,Homework,1
1146,55,Test 9,2024-11-17,91,Test,1
1147,55,Homework 10,2025-01-20,19,Homework,4
1148,55,Quiz 11,2025-04-09,39,Quiz,2
1149,55,Participation 12,2024-09-07,42,Participation,4
1150,55,Project 13,2025-05-08,60,Project,3
1151,55,Project 14,2025-06-04,12,Project,2
1152,55,Quiz 15,2024-10-23,90,Quiz,1
1153,55,Homework 16,2025-01-21,72,Homework,1
1154,55,Participation 17,2025-05-05,56,Participation,3
1155,55,Test 18,2024-09-25,28,Test,2
1156,55,Homework 19,2024-09-25,61,Homework,2
1157,55,Participation 20,2024-11-21,37,Participation,4
1158,55,Participation 21,2025-04-02,35,Participation,4
1159,55,Homework 22,2025-03-09,42,Homework,4
1160,56,Project 1,2025-04-06,89,Project,1
1161,56,Homework 2,2025-04-27,17,Homework,1
1162,56,Participation 3,2025-03-26,12,Participation,3
1163,56,Project 4,2025-02-04,82,Project,4
1164,56,Quiz 5,2025-03-23,40,Quiz,4
1165,56,Participation 6,2024-10-12,47,Participation,1
1166,56,Homework 7,2025-03-18,70,Homework,4
1167,56,Test 8,2024-09-14,41,Test,4
1168,56,Project 9,2025-04-18,24,Project,2
1169,56,Participation 10,2025-02-25,21,Participation,1
1170,56,Participation 11,2025-05-09,100,Participation,4
1171,56,Participation 12,2025-03-17,21,Participation,4
1172,56,Quiz 13,2025-03-16,20,Quiz,1
1173,56,Participation 14,2025-02-13,58,Participation,4
1174,56,Test 15,2024-12-27,11,Test,1
1175,56,Project 16,2024-12-08,97,Project,1
1176,56,Participation 17,2024-11-09,81,Participation,4
1177,56,Homework 18,2025-04-06,95,Homework,4
1178,56,Quiz 19,2024-12-17,36,Quiz,4
1179,56,Quiz 20,2024-11-28,59,Quiz,1
1180,56,Homework 21,2024-12-31,10,Homework,1
1181,56,Quiz 22,2024-11-28,95,Quiz,3
1182,57,Participation 1,2025-01-13,29,Participation,2
1183,57,Test 2,2024-11-23,83,Test,4
1184,57,Homework 3,2025-02-19,58,Homework,3
1185,57,Quiz 4,2024-12-26,68,Quiz,1
1186,57,Homework 5,2024-10-09,76,Homework,1
1187,57,Quiz 6,2025-05-22,71,Quiz,4
1188,57,Participation 7,2024-11-27,91,Participation,1
1189,57,Participation 8,2025-02-14,70,Participation,1
1190,57,Test 9,2025-02-01,64,Test,3
1191,57,Test 10,2025-01-13,17,Test,3
1192,57,Quiz 11,2024-09-25,60,Quiz,2
1193,57,Quiz 12,2025-01-09,77,Quiz,3
1194,57,Quiz 13,2025-03-31,13,Quiz,1
1195,57,Project 14,2025-03-10,52,Project,2
1196,57,Quiz 15,2024-09-24,39,Quiz,1
1197,57,Project 16,2025-01-13,46,Project,2
1198,57,Quiz 17,2025-05-06,59,Quiz,3
1199,57,Quiz 18,2025-03-02,79,Quiz,4
1200,57,Homework 19,2025-04-18,46,Homework,2
1201,57,Homework 20,2024-11-23,79,Homework,4
1202,57,Quiz 21,2025-02-16,44,Quiz,1
1203,57,Quiz 22,2025-02-04,88,Quiz,4
1204,57,Participation 23,2024-11-23,84,Participation,1
1205,58,Homework 1,2025-04-04,55,Homework,3
1206,58,Test 2,2024-10-13,30,Test,2
1207,58,Homework 3,2025-03-22,18,Homework,3
1208,58,Participation 4,2024-11-29,97,Participation,4
1209,58,Test 5,2025-01-31,14,Test,3
1210,58,Quiz 6,2025-05-14,90,Quiz,2
1211,58,Project 7,2025-04-10,74,Project,2
1212,58,Project 8,2025-05-11,38,Project,4
1213,58,Project 9,2024-10-18,53,Project,2
1214,58,Homework 10,2025-04-18,36,Homework,4
1215,58,Participation 11,2024-12-05,13,Participation,2
1216,58,Homework 12,2024-12-15,31,Homework,3
1217,58,Homework 13,2025-01-05,79,Homework,3
1218,58,Participation 14,2024-12-25,74,Participation,3
1219,58,Test 15,2024-10-10,46,Test,3
1220,58,Quiz 16,2024-09-26,10,Quiz,2
1221,59,Homework 1,2025-01-31,99,Homework,1
1222,59,Participation 2,2025-02-05,53,Participation,3
1223,59,Project 3,2025-03-10,22,Project,1
1224,59,Participation 4,2024-10-22,99,Participation,3
1225,59,Participation 5,2025-04-06,84,Participation,2
1226,59,Test 6,2025-03-05,76,Test,1
1227,59,Project 7,2025-04-28,98,Project,3
1228,59,Homework 8,2024-11-10,89,Homework,1
1229,59,Quiz 9,2024-11-03,24,Quiz,3
1230,59,Project 10,2025-02-18,67,Project,2
1231,59,Homework 11,2024-09-01,52,Homework,2
1232,59,Homework 12,2024-10-29,25,Homework,4
1233,59,Participation 13,2024-10-11,32,Participation,3
1234,59,Participation 14,2025-02-04,28,Participation,4
1235,59,Homework 15,2024-12-06,15,Homework,2
1236,59,Project 16,2025-03-29,43,Project,2
1237,59,Quiz 17,2025-05-29,72,Quiz,1
1238,59,Homework 18,2025-02-24,35,Homework,2
1239,60,Participation 1,2024-10-04,79,Participation,4
1240,60,Participation 2,2024-10-14,27,Participation,2
1241,60,Test 3,2024-09-08,74,Test,1
1242,60,Quiz 4,2025-02-09,32,Quiz,3
1243,60,Test 5,2024-09-04,73,Test,2
1244,60,Quiz 6,2025-05-20,62,Quiz,3
1245,60,Project 7,2024-10-29,49,Project,3
1246,60,Project 8,2024-09-23,85,Project,2
1247,60,Project 9,2024-10-16,100,Project,1
1248,60,Homework 10,2025-03-13,82,Homework,2
1249,60,Homework 11,2025-03-19,53,Homework,2
1250,60,Test 12,2025-01-23,59,Test,3
1251,60,Test 13,2025-02-06,96,Test,1
1252,60,Test 14,2025-01-10,74,Test,2
1253,60,Quiz 15,2024-10-14,12,Quiz,4
1254,60,Quiz 16,2025-01-29,65,Quiz,4
1255,60,Project 17,2025-05-23,71,Project,2
1256,60,Test 18,2025-03-30,76,Test,3
1257,60,Project 19,2024-11-27,40,Project,3
1258,60,Homework 20,2025-05-29,42,Homework,1
1259,60,Quiz 21,2024-12-17,95,Quiz,2
1260,60,Test 22,2024-10-11,93,Test,3
1261,60,Project 23,2025-01-03,41,Project,3
1262,60,Participation 24,2025-01-03,77,Participation,3
1263,60,Test 25,2025-04-12,28,Test,1
1264,61,Homework 1,2025-04-19,86,Homework,2
1265,61,Homework 2,2025-04-22,48,Homework,2
1266,61,Participation 3,2024-10-06,21,Participation,3
1267,61,Quiz 4,2025-06-02,66,Quiz,2
1268,61,Test 5,2024-09-12,58,Test,3
1269,61,Test 6,2024-09-23,51,Test,2
1270,61,Quiz 7,2025-01-10,73,Quiz,2
1271,61,Test 8,2025-02-16,100,Test,1
1272,61,Homework 9,2025-01-31,59,Homework,2
1273,61,Quiz 10,2025-04-27,100,Quiz,1
1274,61,Project 11,2025-02-16,81,Project,1
1275,61,Participation 12,2025-02-11,95,Participation,4
1276,61,Quiz 13,2024-12-16,21,Quiz,3
1277,61,Quiz 14,2025-02-27,10,Quiz,3
1278,61,Test 15,2025-05-24,95,Test,4
1279,61,Test 16,2024-10-17,64,Test,2
1280,61,Quiz 17,2024-11-05,89,Quiz,1
1281,61,Project 18,2025-06-03,37,Project,2
1282,61,Test 19,2025-04-11,56,Test,4
1283,61,Quiz 20,2025-03-11,62,Quiz,3
1284,61,Homework 21,2024-09-27,73,Homework,4
1285,61,Test 22,2024-10-24,16,Test,2
1286,61,Homework 23,2024-08-29,64,Homework,3
1287,61,Homework 24,2025-04-13,100,Homework,2
1288,62,Test 1,2025-04-13,72,Test,2
1289,62,Participation 2,2025-01-16,60,Participation,1
1290,62,Participation 3,2025-05-14,58,Participation,2
1291,62,Homework 4,2025-05-05,99,Homework,2
1292,62,Test 5,2025-02-18,92,Test,3
1293,62,Participation 6,2025-01-20,34,Participation,2
1294,62,Project 7,2024-12-28,99,Project,1
1295,62,Test 8,2025-02-12,12,Test,2
1296,62,Homework 9,2024-11-02,26,Homework,1
1297,62,Participation 10,2025-03-11,81,Participation,2
1298,62,Project 11,2025-06-02,94,Project,3
1299,62,Project 12,2025-04-11,25,Project,1
1300,62,Test 13,2024-12-12,56,Test,1
1301,62,Test 14,2024-10-02,20,Test,2
1302,62,Quiz 15,2024-11-24,55,Quiz,3
1303,62,Participation 16,2024-12-19,23,Participation,2
1304,62,Quiz 17,2025-03-05,51,Quiz,2
1305,63,Project 1,2025-01-05,100,Project,1
1306,63,Homework 2,2024-09-13,49,Homework,2
1307,63,Quiz 3,2025-04-02,91,Quiz,2
1308,63,Quiz 4,2025-03-15,86,Quiz,1
1309,63,Participation 5,2025-03-17,21,Participation,1
1310,63,Participation 6,2025-04-08,89,Participation,1
1311,63,Quiz 7,2025-03-11,56,Quiz,4
1312,63,Test 8,2025-02-07,44,Test,2
1313,63,Project 9,2024-12-14,42,Project,2
1314,63,Test 10,2024-12-29,14,Test,4
1315,63,Test 11,2025-01-22,42,Test,2
1316,63,Project 12,2024-12-27,62,Project,2
1317,63,Homework 13,2024-11-03,77,Homework,4
1318,63,Participation 14,2024-10-20,12,Participation,3
1319,63,Test 15,2024-09-11,74,Test,2
1320,63,Test 16,2025-06-05,86,Test,3
1321,64,Test 1,2024-11-15,88,Test,4
1322,64,Quiz 2,2025-02-09,37,Quiz,3
1323,64,Test 3,2025-03-15,65,Test,1
1324,64,Test 4,2024-12-12,24,Test,4
1325,64,Homework 5,2025-04-06,72,Homework,4
1326,64,Quiz 6,2025-04-22,60,Quiz,1
1327,64,Participation 7,2024-12-26,91,Participation,1
1328,64,Participation 8,2024-10-03,11,Participation,2
1329,64,Project 9,2025-01-07,89,Project,4
1330,64,Quiz 10,2024-12-14,79,Quiz,1
1331,64,Project 11,2024-10-29,30,Project,1
1332,64,Quiz 12,2024-10-11,40,Quiz,2
1333,64,Project 13,2024-12-15,21,Project,4
1334,64,Test 14,2024-12-10,15,Test,3
1335,64,Quiz 15,2025-03-02,14,Quiz,1
1336,64,Homework 16,2025-02-12,91,Homework,4
1337,64,Test 17,2024-11-20,62,Test,2
1338,64,Participation 18,2024-10-30,30,Participation,1
1339,65,Project 1,2024-12-16,87,Project,3
1340,65,Participation 2,2024-12-04,38,Participation,1
1341,65,Test 3,2025-04-18,56,Test,1
1342,65,Quiz 4,2024-10-06,61,Quiz,4
1343,65,Quiz 5,2024-11-23,73,Quiz,4
1344,65,Homework 6,2025-05-11,36,Homework,4
1345,65,Project 7,2024-12-12,87,Project,2
1346,65,Quiz 8,2024-10-19,55,Quiz,1
1347,65,Participation 9,2024-10-02,38,Participation,1
1348,65,Homework 10,2024-11-14,12,Homework,2
1349,65,Quiz 11,2025-03-28,66,Quiz,2
1350,65,Project 12,2025-03-11,59,Project,1
1351,65,Participation 13,2024-10-30,52,Participation,1
1352,65,Test 14,2024-09-05,72,Test,3
1353,65,Participation 15,2025-04-15,79,Participation,4
1354,65,Project 16,2024-09-10,64,Project,2
1355,65,Quiz 17,2025-03-23,67,Quiz,3
1356,65,Homework 18,2025-03-22,42,Homework,4
1357,66,Project 1,2024-11-09,54,Project,3
1358,66,Test 2,2024-08-28,86,Test,3
1359,66,Quiz 3,2025-03-03,97,Quiz,1
1360,66,Project 4,2024-09-05,77,Project,3
1361,66,Test 5,2025-01-16,38,Test,2
1362,66,Participation 6,2024-11-12,24,Participation,4
1363,66,Project 7,2024-12-13,53,Project,2
1364,66,Quiz 8,2025-04-04,28,Quiz,2
1365,66,Project 9,2025-02-07,60,Project,2
1366,66,Test 10,2025-02-14,84,Test,3
1367,66,Participation 11,2025-03-16,93,Participation,2
1368,66,Homework 12,2024-10-14,69,Homework,2
1369,66,Participation 13,2025-02-18,42,Participation,3
1370,66,Homework 14,2024-12-18,49,Homework,1
1371,66,Project 15,2024-10-07,88,Project,3
1372,66,Project 16,2025-05-31,13,Project,4
1373,66,Quiz 17,2025-05-27,54,Quiz,2
1374,66,Participation 18,2024-10-11,68,Participation,1
1375,66,Test 19,2025-02-14,12,Test,4
1376,66,Quiz 20,2025-02-09,24,Quiz,4
1377,67,Participation 1,2025-03-05,31,Participation,3
1378,67,Test 2,2024-12-06,59,Test,4
1379,67,Test 3,2024-09-28,76,Test,3
1380,67,Quiz 4,2024-10-18,55,Quiz,4
1381,67,Homework 5,2024-12-12,51,Homework,1
1382,67,Test 6,2025-05-12,85,Test,2
1383,67,Test 7,2024-10-10,90,Test,2
1384,67,Test 8,2025-01-10,15,Test,1
1385,67,Project 9,2024-09-25,90,Project,2
1386,67,Test 10,2024-11-20,61,Test,3
1387,67,Project 11,2025-06-04,11,Project,2
1388,67,Quiz 12,2024-09-23,66,Quiz,4
1389,67,Project 13,2024-12-31,77,Project,2
1390,67,Test 14,2024-10-25,57,Test,4
1391,67,Project 15,2025-03-10,27,Project,3
1392,68,Test 1,2025-01-03,50,Test,2
1393,68,Homework 2,2024-12-11,27,Homework,3
1394,68,Project 3,2025-02-18,25,Project,4
1395,68,Homework 4,2025-04-27,35,Homework,4
1396,68,Homework 5,2025-03-13,73,Homework,3
1397,68,Test 6,2025-05-14,75,Test,3
1398,68,Participation 7,2024-09-23,77,Participation,1
1399,68,Homework 8,2025-05-27,21,Homework,4
1400,68,Quiz 9,2025-05-20,90,Quiz,3
1401,68,Quiz 10,2024-12-26,55,Quiz,3
1402,68,Test 11,2024-09-09,23,Test,1
1403,68,Test 12,2025-02-10,91,Test,4
1404,68,Test 13,2024-10-04,25,Test,3
1405,68,Quiz 14,2025-05-26,23,Quiz,1
1406,68,Test 15,2025-03-16,62,Test,3
1407,68,Homework 16,2024-12-27,34,Homework,4
1408,68,Quiz 17,2024-11-07,68,Quiz,4
1409,68,Project 18,2025-03-30,47,Project,4
1410,68,Quiz 19,2025-05-09,59,Quiz,2
1411,68,Homework 20,2025-04-26,39,Homework,4
1412,68,Participation 21,2024-09-08,54,Participation,1
1413,68,Participation 22,2025-04-29,14,Participation,3
1414,68,Project 23,2025-04-26,90,Project,2
1415,68,Homework 24,2024-08-29,36,Homework,4
1416,69,Homework 1,2024-11-29,76,Homework,3
1417,69,Project 2,2024-10-18,48,Project,1
1418,69,Homework 3,2025-04-10,41,Homework,2
1419,69,Participation 4,2025-01-19,98,Participation,1
1420,69,Project 5,2024-11-19,12,Project,3
1421,69,Participation 6,2025-05-14,10,Participation,4
1422,69,Quiz 7,2024-11-09,32,Quiz,3
1423,69,Quiz 8,2024-12-07,20,Quiz,4
1424,69,Participation 9,2025-02-24,19,Participation,2
1425,69,Project 10,2024-10-23,33,Project,1
1426,69,Homework 11,2025-03-02,52,Homework,1
1427,69,Homework 12,2024-11-06,59,Homework,4
1428,69,Quiz 13,2025-03-06,29,Quiz,1
1429,69,Test 14,2024-12-13,15,Test,3
1430,69,Project 15,2024-10-16,77,Project,2
1431,70,Homework 1,2024-11-11,85,Homework,4
1432,70,Participation 2,2025-04-29,97,Participation,4
1433,70,Participation 3,2024-09-29,100,Participation,3
1434,70,Test 4,2025-03-14,54,Test,2
1435,70,Homework 5,2025-06-02,43,Homework,2
1436,70,Homework 6,2024-11-17,44,Homework,3
1437,70,Project 7,2024-08-27,60,Project,4
1438,70,Participation 8,2025-02-10,42,Participation,3
1439,70,Homework 9,2024-09-21,70,Homework,4
1440,70,Participation 10,2025-03-04,51,Participation,4
1441,70,Quiz 11,2025-03-30,12,Quiz,3
1442,70,Homework 12,2025-04-20,98,Homework,4
1443,70,Homework 13,2024-11-14,74,Homework,2
1444,70,Homework 14,2025-05-28,37,Homework,4
1445,70,Participation 15,2024-11-03,52,Participation,3
1446,70,Quiz 16,2024-09-10,82,Quiz,3
1447,70,Participation 17,2025-02-04,27,Participation,4
1448,70,Participation 18,2025-05-20,53,Participation,2
1449,70,Project 19,2024-12-06,36,Project,3
1450,70,Participation 20,2025-04-21,92,Participation,2
1451,70,Project 21,2025-01-20,77,Project,1
1452,70,Test 22,2025-04-28,23,Test,2
1453,70,Participation 23,2025-04-09,39,Participation,1
1454,71,Test 1,2024-11-25,93,Test,2
1455,71,Test 2,2025-04-30,92,Test,1
1456,71,Homework 3,2025-01-08,73,Homework,4
1457,71,Project 4,2025-03-02,30,Project,2
1458,71,Quiz 5,2025-03-20,33,Quiz,1
1459,71,Test 6,2025-05-08,12,Test,4
1460,71,Homework 7,2024-11-03,83,Homework,2
1461,71,Quiz 8,2024-12-20,77,Quiz,3
1462,71,Homework 9,2024-11-24,37,Homework,2
1463,71,Homework 10,2024-12-17,51,Homework,2
1464,71,Homework 11,2025-05-12,32,Homework,3
1465,71,Homework 12,2025-03-02,57,Homework,4
1466,71,Test 13,2025-03-04,40,Test,4
1467,71,Project 14,2025-04-27,73,Project,3
1468,71,Participation 15,2025-01-25,77,Participation,1
1469,71,Participation 16,2025-04-15,40,Participation,1
1470,71,Project 17,2025-01-11,87,Project,2
1471,71,Quiz 18,2025-03-25,57,Quiz,3
1472,71,Project 19,2025-02-28,33,Project,2
1473,71,Homework 20,2024-12-18,35,Homework,3
1474,72,Test 1,2024-10-02,49,Test,3
1475,72,Quiz 2,2024-11-19,87,Quiz,1
1476,72,Test 3,2024-10-08,31,Test,4
1477,72,Test 4,2024-12-15,29,Test,4
1478,72,Quiz 5,2025-02-04,89,Quiz,3
1479,72,Quiz 6,2025-02-15,60,Quiz,2
1480,72,Participation 7,2024-12-30,89,Participation,1
1481,72,Homework 8,2024-11-30,16,Homework,2
1482,72,Homework 9,2025-05-10,94,Homework,4
1483,72,Project 10,2025-02-07,14,Project,3
1484,72,Participation 11,2024-10-09,68,Participation,4
1485,72,Homework 12,2024-11-02,78,Homework,3
1486,72,Homework 13,2025-02-22,81,Homework,4
1487,72,Homework 14,2024-12-27,73,Homework,4
1488,72,Project 15,2025-05-09,78,Project,1
1489,72,Project 16,2024-10-09,29,Project,1
1490,72,Quiz 17,2025-01-07,55,Quiz,4
1491,72,Test 18,2025-05-23,47,Test,4
1492,72,Participation 19,2025-01-27,43,Participation,3
1493,72,Homework 20,2025-05-26,90,Homework,4
1494,72,Test 21,2024-10-14,42,Test,4
1495,73,Quiz 1,2025-03-01,47,Quiz,2
1496,73,Test 2,2025-03-03,95,Test,4
1497,73,Homework 3,2025-04-16,87,Homework,1
1498,73,Homework 4,2025-02-02,29,Homework,1
1499,73,Test 5,2025-05-19,54,Test,1
1500,73,Project 6,2024-11-25,40,Project,4
1501,73,Project 7,2024-09-06,68,Project,1
1502,73,Test 8,2024-12-16,37,Test,2
1503,73,Test 9,2024-12-08,18,Test,3
1504,73,Project 10,2025-03-11,16,Project,2
1505,73,Project 11,2024-11-17,48,Project,4
1506,73,Homework 12,2025-01-31,86,Homework,1
1507,73,Homework 13,2024-09-18,65,Homework,1
1508,73,Quiz 14,2025-04-01,98,Quiz,3
1509,73,Quiz 15,2024-12-29,38,Quiz,1
1510,73,Test 16,2024-12-05,79,Test,4
1511,74,Project 1,2025-05-15,62,Project,3
1512,74,Homework 2,2024-12-27,89,Homework,2
1513,74,Quiz 3,2025-02-01,95,Quiz,2
1514,74,Project 4,2025-01-24,84,Project,1
1515,74,Quiz 5,2025-02-13,84,Quiz,4
1516,74,Project 6,2025-02-07,84,Project,4
1517,74,Quiz 7,2025-01-27,67,Quiz,1
1518,74,Project 8,2024-12-05,24,Project,3
1519,74,Quiz 9,2024-09-16,19,Quiz,1
1520,74,Quiz 10,2024-12-08,34,Quiz,1
1521,74,Project 11,2025-03-02,56,Project,2
1522,74,Test 12,2025-06-04,86,Test,2
1523,74,Test 13,2024-11-19,59,Test,1
1524,74,Homework 14,2025-01-04,43,Homework,3
1525,74,Test 15,2025-04-30,58,Test,1
1526,74,Project 16,2024-09-12,81,Project,3
1527,74,Homework 17,2024-12-23,91,Homework,3
1528,74,Homework 18,2025-02-15,42,Homework,3
1529,74,Participation 19,2025-02-01,30,Participation,3
1530,74,Test 20,2024-11-19,20,Test,4
1531,74,Homework 21,2025-04-05,10,Homework,1
1532,74,Homework 22,2024-10-29,91,Homework,4
1533,74,Homework 23,2025-03-22,85,Homework,3
1534,74,Participation 24,2024-11-14,11,Participation,2
1535,75,Quiz 1,2025-04-25,98,Quiz,4
1536,75,Test 2,2024-10-07,72,Test,4
1537,75,Project 3,2025-04-21,65,Project,4
1538,75,Homework 4,2025-04-20,47,Homework,4
1539,75,Project 5,2025-01-01,53,Project,3
1540,75,Test 6,2024-10-15,83,Test,3
1541,75,Quiz 7,2025-04-17,96,Quiz,3
1542,75,Quiz 8,2025-03-23,37,Quiz,4
1543,75,Homework 9,2024-09-02,40,Homework,1
1544,75,Quiz 10,2025-06-02,88,Quiz,1
1545,75,Participation 11,2024-09-03,33,Participation,4
1546,75,Test 12,2025-01-20,18,Test,2
1547,75,Test 13,2024-09-30,18,Test,2
1548,75,Participation 14,2025-05-26,44,Participation,3
1549,75,Participation 15,2025-01-02,79,Participation,2
1550,75,Quiz 16,2025-01-09,61,Quiz,3
1551,75,Test 17,2025-03-28,13,Test,3
1552,76,Test 1,2024-09-19,34,Test,4
1553,76,Quiz 2,2025-05-07,23,Quiz,1
1554,76,Test 3,2024-09-14,17,Test,4
1555,76,Homework 4,2025-03-15,68,Homework,4
1556,76,Project 5,2024-11-15,51,Project,4
1557,76,Project 6,2025-01-13,74,Project,3
1558,76,Participation 7,2025-03-21,80,Participation,1
1559,76,Homework 8,2024-11-11,89,Homework,3
1560,76,Homework 9,2024-10-25,36,Homework,1
1561,76,Test 10,2025-03-22,90,Test,1
1562,76,Participation 11,2025-01-26,81,Participation,1
1563,76,Quiz 12,2025-05-31,15,Quiz,4
1564,76,Participation 13,2024-11-23,38,Participation,3
1565,76,Quiz 14,2024-12-16,80,Quiz,3
1566,76,Project 15,2024-10-27,69,Project,4
1567,76,Quiz 16,2025-01-18,100,Quiz,4
1568,76,Test 17,2025-01-01,11,Test,3
1569,76,Quiz 18,2025-02-02,32,Quiz,2
1570,76,Homework 19,2024-11-17,50,Homework,3
1571,76,Test 20,2025-03-28,30,Test,3
1572,76,Test 21,2024-11-30,15,Test,1
1573,76,Quiz 22,2024-08-31,60,Quiz,1
1574,76,Quiz 23,2024-09-09,90,Quiz,4
1575,77,Project 1,2024-09-02,85,Project,3
1576,77,Participation 2,2025-03-18,70,Participation,1
1577,77,Participation 3,2024-10-04,77,Participation,1
1578,77,Quiz 4,2025-03-08,88,Quiz,1
1579,77,Project 5,2025-01-27,70,Project,1
1580,77,Participation 6,2025-03-02,79,Participation,3
1581,77,Participation 7,2024-09-11,92,Participation,3
1582,77,Homework 8,2024-10-25,14,Homework,4
1583,77,Quiz 9,2024-12-13,48,Quiz,4
1584,77,Participation 10,2024-12-21,82,Participation,4
1585,77,Quiz 11,2024-09-04,37,Quiz,3
1586,77,Participation 12,2024-11-23,22,Participation,4
1587,77,Quiz 13,2025-04-28,69,Quiz,1
1588,77,Quiz 14,2025-05-20,11,Quiz,2
1589,77,Test 15,2024-11-30,13,Test,4
1590,77,Homework 16,2024-09-08,99,Homework,1
1591,77,Project 17,2024-12-09,23,Project,1
1592,77,Homework 18,2024-10-13,50,Homework,1
1593,78,Quiz 1,2025-01-19,27,Quiz,3
1594,78,Homework 2,2025-05-07,49,Homework,2
1595,78,Participation 3,2025-01-28,13,Participation,4
1596,78,Homework 4,2024-10-15,37,Homework,3
1597,78,Quiz 5,2024-12-08,81,Quiz,3
1598,78,Quiz 6,2024-09-27,42,Quiz,4
1599,78,Project 7,2024-09-24,64,Project,2
1600,78,Participation 8,2024-09-23,67,Participation,4
1601,78,Participation 9,2025-03-09,98,Participation,4
1602,78,Homework 10,2025-06-02,84,Homework,3
1603,78,Test 11,2025-05-26,73,Test,4
1604,78,Homework 12,2025-02-03,61,Homework,2
1605,78,Quiz 13,2024-09-02,90,Quiz,3
1606,78,Test 14,2024-08-31,36,Test,1
1607,78,Participation 15,2025-03-24,61,Participation,1
1608,78,Quiz 16,2025-04-17,26,Quiz,3
1609,78,Quiz 17,2024-10-23,50,Quiz,3
1610,79,Test 1,2024-10-02,29,Test,2
1611,79,Participation 2,2025-04-11,67,Participation,2
1612,79,Homework 3,2025-01-24,40,Homework,1
1613,79,Homework 4,2024-11-09,13,Homework,4
1614,79,Homework 5,2025-04-18,78,Homework,1
1615,79,Participation 6,2024-12-25,19,Participation,2
1616,79,Quiz 7,2024-12-29,37,Quiz,4
1617,79,Test 8,2025-02-07,11,Test,4
1618,79,Homework 9,2025-03-12,40,Homework,3
1619,79,Quiz 10,2024-09-04,57,Quiz,4
1620,79,Project 11,2024-12-21,86,Project,1
1621,79,Participation 12,2024-12-10,10,Participation,3
1622,79,Homework 13,2025-02-20,30,Homework,3
1623,79,Quiz 14,2024-11-12,99,Quiz,3
1624,79,Participation 15,2024-10-03,77,Participation,3
1625,79,Test 16,2024-12-06,31,Test,2
1626,79,Participation 17,2025-05-07,10,Participation,4
1627,79,Homework 18,2025-04-06,56,Homework,2
1628,79,Participation 19,2025-02-25,43,Participation,2
1629,79,Project 20,2025-01-19,60,Project,1
1630,79,Test 21,2024-12-17,11,Test,2
1631,79,Participation 22,2025-02-08,99,Participation,3
1632,80,Project 1,2024-10-01,18,Project,4
1633,80,Project 2,2024-11-20,24,Project,1
1634,80,Homework 3,2025-01-30,47,Homework,4
1635,80,Project 4,2025-03-31,29,Project,3
1636,80,Homework 5,2024-12-12,98,Homework,1
1637,80,Participation 6,2025-03-01,58,Participation,3
1638,80,Participation 7,2024-12-14,63,Participation,2
1639,80,Participation 8,2025-05-25,61,Participation,2
1640,80,Participation 9,2025-03-21,18,Participation,3
1641,80,Test 10,2025-03-10,64,Test,3
1642,80,Project 11,2024-11-28,54,Project,4
1643,80,Homework 12,2025-01-21,31,Homework,1
1644,80,Project 13,2024-09-01,35,Project,4
1645,80,Project 14,2025-03-07,40,Project,1
1646,80,Test 15,2025-06-04,73,Test,1
1647,80,Project 16,2025-01-25,40,Project,3
1648,81,Quiz 1,2025-01-17,89,Quiz,4
1649,81,Project 2,2025-03-26,28,Project,2
1650,81,Project 3,2025-05-30,19,Project,3
1651,81,Quiz 4,2024-10-07,93,Quiz,3
1652,81,Project 5,2025-02-17,23,Project,1
1653,81,Test 6,2024-11-21,48,Test,2
1654,81,Homework 7,2025-04-07,45,Homework,3
1655,81,Project 8,2024-09-04,66,Project,2
1656,81,Project 9,2025-01-27,11,Project,1
1657,81,Participation 10,2024-11-24,97,Participation,4
1658,81,Quiz 11,2025-02-15,39,Quiz,3
1659,81,Participation 12,2025-01-16,97,Participation,2
1660,81,Project 13,2025-02-27,47,Project,2
1661,81,Test 14,2025-04-01,90,Test,3
1662,81,Homework 15,2024-10-07,100,Homework,4
1663,81,Project 16,2025-05-02,77,Project,1
1664,81,Project 17,2024-12-24,50,Project,2
1665,81,Homework 18,2025-01-02,16,Homework,4
1666,81,Participation 19,2024-10-20,75,Participation,4
1667,81,Participation 20,2025-04-27,58,Participation,3
1668,81,Homework 21,2024-09-27,47,Homework,4
1669,81,Test 22,2024-10-02,57,Test,4
1670,81,Test 23,2025-03-31,14,Test,3
1671,81,Project 24,2024-10-30,43,Project,2
1672,82,Participation 1,2024-11-14,76,Participation,2
1673,82,Homework 2,2025-03-04,65,Homework,1
1674,82,Project 3,2025-04-13,46,Project,4
1675,82,Project 4,2024-12-01,43,Project,3
1676,82,Quiz 5,2024-09-27,49,Quiz,1
1677,82,Quiz 6,2024-10-19,11,Quiz,2
1678,82,Test 7,2025-01-29,51,Test,1
1679,82,Test 8,2025-04-22,94,Test,1
1680,82,Test 9,2025-02-25,18,Test,1
1681,82,Quiz 10,2025-03-17,70,Quiz,2
1682,82,Project 11,2025-06-02,17,Project,2
1683,82,Test 12,2025-04-03,93,Test,3
1684,82,Participation 13,2024-11-24,83,Participation,2
1685,82,Quiz 14,2024-09-17,70,Quiz,4
1686,82,Homework 15,2025-03-05,46,Homework,3
1687,83,Homework 1,2024-12-01,100,Homework,1
1688,83,Participation 2,2025-02-01,23,Participation,3
1689,83,Project 3,2024-12-24,92,Project,1
1690,83,Quiz 4,2025-01-04,44,Quiz,2
1691,83,Homework 5,2024-10-23,56,Homework,2
1692,83,Participation 6,2024-09-09,52,Participation,1
1693,83,Participation 7,2024-12-28,26,Participation,2
1694,83,Homework 8,2025-05-20,69,Homework,2
1695,83,Test 9,2025-04-02,63,Test,4
1696,83,Project 10,2025-04-15,81,Project,2
1697,83,Participation 11,2025-01-30,98,Participation,2
1698,83,Project 12,2024-08-28,38,Project,4
1699,83,Quiz 13,2024-12-08,28,Quiz,1
1700,83,Homework 14,2025-05-21,97,Homework,3
1701,83,Test 15,2024-11-15,23,Test,1
1702,83,Test 16,2025-04-01,13,Test,1
1703,83,Participation 17,2025-03-03,86,Participation,4
1704,84,Project 1,2025-03-25,30,Project,4
1705,84,Homework 2,2025-03-08,64,Homework,2
1706,84,Test 3,2024-12-25,32,Test,2
1707,84,Homework 4,2025-05-06,35,Homework,2
1708,84,Test 5,2024-11-25,16,Test,4
1709,84,Quiz 6,2024-12-28,75,Quiz,3
1710,84,Test 7,2025-02-21,49,Test,3
1711,84,Participation 8,2025-05-28,50,Participation,3
1712,84,Test 9,2025-03-01,67,Test,2
1713,84,Project 10,2025-03-13,30,Project,4
1714,84,Quiz 11,2025-03-29,19,Quiz,1
1715,84,Homework 12,2024-09-26,38,Homework,3
1716,84,Homework 13,2024-10-05,38,Homework,2
1717,84,Participation 14,2025-02-07,65,Participation,1
1718,84,Participation 15,2025-05-24,61,Participation,4
1719,84,Quiz 16,2024-09-25,62,Quiz,2
1720,84,Participation 17,2025-01-18,88,Participation,1
1721,84,Quiz 18,2024-10-14,93,Quiz,2
1722,84,Participation 19,2024-08-31,36,Participation,1
1723,84,Quiz 20,2024-10-27,31,Quiz,4
1724,84,Quiz 21,2025-03-15,46,Quiz,4
1725,85,Test 1,2024-10-12,31,Test,1
1726,85,Project 2,2024-10-29,33,Project,3
1727,85,Quiz 3,2024-11-10,67,Quiz,2
1728,85,Quiz 4,2025-02-11,70,Quiz,1
1729,85,Participation 5,2024-10-09,16,Participation,2
1730,85,Test 6,2024-09-10,64,Test,1
1731,85,Participation 7,2025-02-06,86,Participation,3
1732,85,Homework 8,2025-03-06,62,Homework,4
1733,85,Homework 9,2024-10-31,95,Homework,1
1734,85,Project 10,2025-04-26,50,Project,3
1735,85,Participation 11,2025-03-17,84,Participation,4
1736,85,Project 12,2025-03-03,27,Project,4
1737,85,Test 13,2024-10-19,67,Test,1
1738,85,Homework 14,2025-03-26,87,Homework,3
1739,85,Quiz 15,2025-02-04,42,Quiz,4
